{"stats":{"minecraft:mined":{"minecraft:short_grass":4,"minecraft:grass_block":29,"minecraft:farmland":1,"minecraft:dirt":14,"minecraft:tall_grass":1,"minecraft:stone":7},"minecraft:dropped":{"minecraft:cobblestone":7,"minecraft:dirt":43,"advancednetherite:netherite_diamond_hoe":1,"advancednetherite:netherite_diamond_shovel":1,"advancednetherite:netherite_diamond_sword":1,"advancednetherite:netherite_diamond_axe":1,"advancednetherite:netherite_diamond_pickaxe":1},"minecraft:custom":{"minecraft:time_since_rest":8212,"minecraft:open_chest":12,"minecraft:sprint_one_cm":14616,"minecraft:play_time":8212,"minecraft:open_shulker_box":5,"minecraft:walk_one_cm":5539,"minecraft:sneak_time":8,"minecraft:drop":7,"minecraft:jump":115,"minecraft:inspect_hopper":1,"minecraft:leave_game":2,"minecraft:time_since_death":8212,"minecraft:climb_one_cm":1057,"minecraft:traded_with_villager":184,"minecraft:total_world_time":8212,"minecraft:talked_to_villager":6,"minecraft:fall_one_cm":2475,"minecraft:fly_one_cm":104871},"minecraft:picked_up":{"advancednetherite:netherite_diamond_sword":1,"advancednetherite:netherite_diamond_shovel":1,"advancednetherite:netherite_diamond_hoe":1,"advancednetherite:netherite_diamond_pickaxe":1,"advancednetherite:netherite_diamond_axe":1,"minecraft:dirt":87,"minecraft:string":1262,"minecraft:cobblestone":14},"minecraft:used":{"advancednetherite:netherite_diamond_pickaxe":7,"minecraft:dirt":1,"advancednetherite:netherite_diamond_shovel":49,"advancednetherite:netherite_diamond_hoe":1},"minecraft:crafted":{"minecraft:lantern":2,"minecraft:emerald":164,"minecraft:bookshelf":18,"minecraft:air":0}},"DataVersion":3839}