{"stats":{"minecraft:killed":{"minecraft:spider":1,"minecraft:skeleton":4,"minecraft:pig":13,"cobblemon:pokemon":6,"minecraft:creeper":2,"minecraft:sheep":11,"minecraft:pillager":2,"minecraft:zombie":7,"minecraft:player":1,"minecraft:cow":18},"minecraft:mined":{"cobblemon:healing_machine":1,"croptopia:cucumber_crop":1,"minecraft:large_amethyst_bud":1,"croptopia:pepper_crop":2,"minecraft:tuff":3,"minecraft:spruce_planks":7,"croptopia:orange_crop":1,"minecraft:deepslate_diamond_ore":1,"croptopia:strawberry_crop":1,"minecraft:cobblestone_stairs":1,"croptopia:mustard_crop":1,"minecraft:dark_oak_log":31,"cobblemon:apricorn_log":2,"megamons:crystal_shiny_stone_ore":1,"minecraft:stone_brick_wall":2,"minecraft:grass_block":49,"cobblemon:red_apricorn_sapling":4,"megamons:crystal_dusk_stone_ore":1,"croptopia:barley_crop":1,"minecraft:furnace":1,"minecraft:iron_ore":3,"minecraft:cobbled_deepslate":10,"croptopia:corn_crop":1,"minecraft:acacia_wood":67,"croptopia:blueberry_crop":1,"minecraft:andesite":1,"minecraft:dark_oak_stairs":1,"croptopia:apple_crop":3,"minecraft:lantern":2,"megamons:crystal_ice_stone_ore":1,"minecraft:stone":30,"minecraft:player_head":1,"megamons:crystal_thunder_stone_ore":1,"megamons:anistarite_rough_geode_block":2,"megamons:anistarite_geode_block":14,"minecraft:smoker":2,"minecraft:crafting_table":3,"minecraft:torch":7,"cobblemon:apricorn_leaves":3,"croptopia:oat_crop":1,"minecraft:blast_furnace":4,"minecraft:calcite":6,"minecraft:copper_ore":13,"minecraft:tall_grass":34,"minecraft:cobblestone":1,"minecraft:green_stained_glass_pane":2,"minecraft:deepslate_gold_ore":9,"minecraft:sugar_cane":5,"minecraft:wall_torch":5,"cobblemon:yellow_apricorn_sapling":2,"minecraft:white_terracotta":1,"croptopia:walnut_crop":2,"minecraft:coarse_dirt":1,"minecraft:grass":131,"megamons:crystal_dawn_stone_ore":2,"minecraft:coal_ore":20,"megamons:crystal_sun_stone_ore":1,"croptopia:blackberry_crop":1,"minecraft:dirt":4,"minecraft:deepslate":54,"minecraft:fern":2},"minecraft:picked_up":{"minecraft:crafting_table":3,"minecraft:coarse_dirt":1,"minecraft:chicken":4,"cobblemon:yellow_apricorn":23,"cobblemon:red_apricorn":63,"minecraft:wooden_pickaxe":1,"minecraft:stone_brick_wall":2,"cobblemon:wepear_berry":1,"minecraft:string":2,"minecraft:raw_copper":43,"minecraft:cobbled_deepslate":38,"cobblemon:green_apricorn":31,"cobblemon:white_apricorn_seed":1,"minecraft:spruce_planks":9,"minecraft:beef":39,"croptopia:pepper_seed":6,"minecraft:player_head":2,"minecraft:calcite":4,"cobblemon:dusk_stone":1,"croptopia:mustard_seed":3,"minecraft:sugar_cane":16,"cobblemon:green_apricorn_seed":2,"minecraft:furnace":1,"minecraft:egg":1,"minecraft:dark_oak_sapling":12,"minecraft:raw_iron":3,"cobblemon:apricorn_log":2,"croptopia:barley_seed":1,"croptopia:soybean_seed":2,"minecraft:torch":14,"croptopia:blackberry_seed":6,"minecraft:spruce_stairs":4,"minecraft:porkchop":25,"minecraft:rabbit_foot":1,"cobblemon:dawn_stone":2,"minecraft:stone_sword":1,"minecraft:arrow":4,"minecraft:rotten_flesh":7,"minecraft:stone_shovel":1,"cobblemon:black_augurite":1,"croptopia:pepper":3,"minecraft:white_terracotta":1,"minecraft:mutton":51,"cobblemon:blue_apricorn":35,"minecraft:white_wool":25,"minecraft:cobblestone":29,"minecraft:andesite":1,"minecraft:leather":20,"cobblemon:kebia_berry":5,"minecraft:smoker":2,"minecraft:acacia_wood":66,"cobblemon:razz_berry":12,"minecraft:tuff":3,"minecraft:cobblestone_stairs":2,"croptopia:walnut":42,"minecraft:gunpowder":2,"megamons:anistarite_geode_block":16,"minecraft:dirt":62,"minecraft:lantern":2,"minecraft:white_banner":1,"cobblemon:pink_apricorn_seed":1,"minecraft:glass":18,"minecraft:bone":1,"minecraft:apple":4,"croptopia:barley":1,"minecraft:wheat_seeds":13,"minecraft:raw_gold":9,"minecraft:iron_ingot":1,"cobblemon:thunder_stone":2,"minecraft:rabbit":1,"twigs:twig":23,"minecraft:iron_sword":1,"minecraft:acacia_sapling":14,"minecraft:dark_oak_stairs":1,"cobblemon:sun_stone":2,"cobblemon:red_apricorn_seed":11,"croptopia:mustard":1,"croptopia:blackberry":1,"cobblemon:blue_apricorn_seed":1,"cobblemon:shiny_stone":1,"cobblemon:cheri_berry":30,"cobblemon:yellow_apricorn_seed":5,"minecraft:spruce_sapling":2,"cobblemon:pink_apricorn":22,"minecraft:blast_furnace":4,"croptopia:oat":1,"cobblemon:aspear_berry":28,"minecraft:dark_oak_log":25,"minecraft:spider_eye":2,"megamons:anistarite_rough_geode_block":1,"cobblemon:healing_machine":1,"croptopia:oat_seed":2,"minecraft:diamond":1,"minecraft:stone_axe":1,"croptopia:orange":1,"cobblemon:ice_stone":1,"cobblemon:chesto_berry":24,"minecraft:coal":37},"minecraft:killed_by":{"minecraft:player":1,"minecraft:creeper":1},"minecraft:custom":{"minecraft:mob_kills":65,"minecraft:interact_with_crafting_table":30,"minecraft:open_barrel":9,"minecraft:eat_cake_slice":5,"minecraft:leave_game":5,"minecraft:time_since_death":44994,"minecraft:climb_one_cm":2817,"minecraft:sprint_one_cm":623358,"minecraft:walk_one_cm":340482,"minecraft:drop":90,"minecraft:talked_to_villager":2,"minecraft:deaths":2,"minecraft:play_time":205336,"minecraft:sneak_time":2247,"minecraft:walk_under_water_one_cm":19248,"minecraft:jump":3324,"minecraft:interact_with_blast_furnace":2,"minecraft:walk_on_water_one_cm":10819,"minecraft:total_world_time":205336,"minecraft:interact_with_furnace":42,"minecraft:sleep_in_bed":7,"minecraft:time_since_rest":20433,"minecraft:damage_taken":1896,"minecraft:damage_dealt":8460,"minecraft:swim_one_cm":58879,"minecraft:fly_one_cm":785897,"minecraft:player_kills":1,"minecraft:open_chest":113,"minecraft:crouch_one_cm":5228,"minecraft:interact_with_smoker":1,"minecraft:fall_one_cm":95531},"minecraft:crafted":{"minecraft:furnace":1,"minecraft:cooked_mutton":37,"minecraft:glass_pane":16,"mcwtrpdoors:acacia_glass_trapdoor":12,"minecraft:stone_pickaxe":1,"minecraft:chest":4,"minecraft:dark_oak_planks":28,"cobblemon:citrine_ball":4,"minecraft:cooked_beef":26,"minecraft:cooked_porkchop":23,"minecraft:crafting_table":1,"cobblemon:verdant_ball":4,"minecraft:wooden_pickaxe":1,"minecraft:copper_ingot":43,"cobblemon:roseate_ball":4,"minecraft:stone_axe":1,"minecraft:air":0,"cobblemon:poke_ball":8,"minecraft:stick":32,"minecraft:wooden_axe":1,"minecraft:stone_sword":1,"minecraft:white_bed":1,"minecraft:acacia_planks":68,"minecraft:torch":8,"cobblemon:great_ball":12},"minecraft:dropped":{"minecraft:iron_sword":1,"minecraft:dark_oak_stairs":1,"minecraft:wheat_seeds":12,"cobblemon:sun_stone":1,"minecraft:dark_oak_sapling":12,"cobblemon:thunder_stone":1,"cobblemon:green_apricorn_seed":1,"minecraft:cobblestone":1,"cobblemon:yellow_apricorn_seed":2,"cobblemon:verdant_ball":1,"croptopia:soybean_seed":2,"minecraft:spruce_stairs":4,"cobblemon:roseate_ball":1,"minecraft:cobblestone_stairs":2,"minecraft:dirt":9,"minecraft:torch":3,"cobblemon:poke_ball":4,"minecraft:wooden_axe":1,"croptopia:pepper":3,"croptopia:barley_seed":1,"minecraft:iron_pickaxe":1,"cobblemon:great_ball":2,"croptopia:mustard_seed":3,"minecraft:string":2,"minecraft:spruce_sapling":2,"minecraft:bone":1,"croptopia:oat":1,"minecraft:stone_axe":2,"cobblemon:wepear_berry":1,"minecraft:player_head":1,"minecraft:stone_sword":2,"cobblemon:cheri_berry":7,"croptopia:oat_seed":2,"croptopia:blackberry_seed":6,"minecraft:chicken":2,"minecraft:rotten_flesh":7,"universal_graves:grave_compass":1,"megamons:anistarite_geode_block":12,"minecraft:cooked_mutton":1,"minecraft:white_terracotta":1,"cobblemon:white_apricorn_seed":1,"minecraft:spruce_planks":2,"minecraft:andesite":1,"minecraft:stone_brick_wall":1,"minecraft:spider_eye":2,"minecraft:arrow":4,"minecraft:wooden_pickaxe":2,"minecraft:stone_pickaxe":1,"croptopia:pepper_seed":6,"minecraft:calcite":4,"croptopia:barley":1,"croptopia:mustard":1},"minecraft:used":{"minecraft:enchanting_table":1,"minecraft:stone_sword":89,"megamons:anistarite_rough_geode_block":1,"minecraft:stone_shovel":43,"minecraft:spruce_planks":3,"minecraft:chest":4,"minecraft:iron_sword":40,"minecraft:player_head":1,"minecraft:torch":17,"minecraft:dirt":11,"cobblemon:cheri_berry":5,"minecraft:tuff":3,"minecraft:wooden_axe":52,"minecraft:lantern":2,"minecraft:iron_axe":3,"cobblemon:pink_apricorn_seed":1,"minecraft:iron_helmet":1,"minecraft:furnace":2,"minecraft:acacia_wood":49,"minecraft:egg":1,"minecraft:cobbled_deepslate":38,"minecraft:cooked_mutton":29,"minecraft:stone_pickaxe":60,"minecraft:wooden_pickaxe":5,"minecraft:crafting_table":4,"minecraft:blast_furnace":4,"cobblemon:yellow_apricorn_seed":3,"minecraft:white_bed":1,"megamons:anistarite_geode_block":4,"minecraft:stone_brick_wall":1,"cobblemon:healing_machine":3,"croptopia:orange":1,"cobblemon:green_apricorn_seed":2,"cobblemon:apricorn_log":2,"minecraft:iron_pickaxe":128,"minecraft:stone_axe":97,"cobblemon:red_apricorn_seed":9,"minecraft:cobblestone":8,"minecraft:white_banner":1,"minecraft:cooked_porkchop":4,"mcwtrpdoors:acacia_glass_trapdoor":4,"minecraft:pumpkin_pie":3,"cobblemon:blue_apricorn_seed":1}},"DataVersion":3465}