{"stats":{"minecraft:crafted":{"minecraft:cooked_porkchop":8,"minecraft:crafting_table":1,"minecraft:wooden_pickaxe":1,"minecraft:stone_axe":1,"minecraft:cooked_mutton":32,"minecraft:air":0,"minecraft:stick":32,"minecraft:stone_pickaxe":1,"minecraft:wooden_axe":1,"minecraft:stone_sword":1,"minecraft:chest":2,"minecraft:dark_oak_planks":24,"minecraft:torch":8},"minecraft:used":{"minecraft:cooked_mutton":5,"minecraft:stone_sword":81,"minecraft:stone_pickaxe":60,"minecraft:chest":2,"minecraft:wooden_pickaxe":5,"minecraft:player_head":1,"minecraft:torch":6,"minecraft:dirt":11,"minecraft:crafting_table":4,"cobblemon:yellow_apricorn_seed":2,"cobblemon:healing_machine":2,"croptopia:orange":1,"minecraft:wooden_axe":52,"minecraft:iron_pickaxe":7,"minecraft:stone_axe":18,"minecraft:cobblestone":6,"minecraft:furnace":1,"minecraft:cooked_porkchop":4,"minecraft:pumpkin_pie":3,"minecraft:egg":1},"minecraft:custom":{"minecraft:interact_with_furnace":22,"minecraft:mob_kills":45,"minecraft:interact_with_crafting_table":11,"minecraft:open_barrel":2,"minecraft:leave_game":1,"minecraft:time_since_death":82509,"minecraft:climb_one_cm":1831,"minecraft:time_since_rest":82509,"minecraft:sprint_one_cm":188233,"minecraft:damage_taken":385,"minecraft:walk_one_cm":122578,"minecraft:drop":25,"minecraft:damage_dealt":5309,"minecraft:swim_one_cm":24263,"minecraft:talked_to_villager":2,"minecraft:fly_one_cm":284685,"minecraft:player_kills":1,"minecraft:open_chest":12,"minecraft:crouch_one_cm":1209,"minecraft:play_time":82509,"minecraft:sneak_time":458,"minecraft:walk_under_water_one_cm":2521,"minecraft:jump":1261,"minecraft:walk_on_water_one_cm":3297,"minecraft:total_world_time":82509,"minecraft:fall_one_cm":34016},"minecraft:killed":{"minecraft:pig":13,"cobblemon:pokemon":5,"minecraft:creeper":2,"minecraft:sheep":11,"minecraft:zombie":3,"minecraft:player":1,"minecraft:cow":11},"minecraft:dropped":{"croptopia:oat":1,"minecraft:dark_oak_stairs":1,"minecraft:wheat_seeds":3,"minecraft:player_head":1,"minecraft:dark_oak_sapling":12,"croptopia:blackberry_seed":6,"croptopia:oat_seed":2,"minecraft:rotten_flesh":4,"minecraft:cooked_mutton":1,"minecraft:white_terracotta":1,"minecraft:spruce_planks":2,"minecraft:torch":1,"minecraft:wooden_axe":1,"croptopia:barley_seed":1,"minecraft:stone_pickaxe":1,"minecraft:wooden_pickaxe":2,"minecraft:calcite":4,"croptopia:barley":1,"minecraft:spruce_sapling":2},"minecraft:picked_up":{"minecraft:crafting_table":3,"minecraft:chicken":1,"cobblemon:yellow_apricorn":3,"minecraft:leather":11,"cobblemon:kebia_berry":5,"minecraft:wooden_pickaxe":1,"cobblemon:razz_berry":12,"croptopia:walnut":42,"minecraft:gunpowder":2,"minecraft:dirt":11,"minecraft:raw_copper":43,"croptopia:barley":1,"minecraft:apple":4,"minecraft:wheat_seeds":3,"minecraft:spruce_planks":4,"minecraft:beef":26,"minecraft:calcite":4,"minecraft:player_head":2,"twigs:twig":12,"minecraft:sugar_cane":16,"minecraft:dark_oak_stairs":1,"minecraft:furnace":1,"minecraft:egg":1,"minecraft:dark_oak_sapling":12,"minecraft:raw_iron":2,"croptopia:barley_seed":1,"minecraft:torch":6,"croptopia:blackberry_seed":6,"croptopia:blackberry":1,"minecraft:porkchop":24,"cobblemon:yellow_apricorn_seed":2,"minecraft:spruce_sapling":2,"croptopia:oat":1,"cobblemon:aspear_berry":12,"minecraft:dark_oak_log":25,"croptopia:oat_seed":2,"minecraft:rotten_flesh":4,"croptopia:orange":1,"cobblemon:black_augurite":1,"minecraft:white_terracotta":1,"minecraft:mutton":51,"minecraft:coal":37,"minecraft:white_wool":25,"minecraft:cobblestone":27},"minecraft:mined":{"minecraft:spruce_planks":2,"croptopia:orange_crop":1,"croptopia:strawberry_crop":1,"minecraft:dark_oak_log":31,"minecraft:crafting_table":3,"minecraft:torch":2,"croptopia:oat_crop":1,"minecraft:grass_block":7,"minecraft:calcite":6,"minecraft:tall_grass":13,"minecraft:copper_ore":13,"minecraft:cobblestone":1,"minecraft:sugar_cane":5,"minecraft:wall_torch":4,"cobblemon:yellow_apricorn_sapling":1,"croptopia:barley_crop":1,"minecraft:white_terracotta":1,"croptopia:walnut_crop":2,"minecraft:furnace":1,"croptopia:corn_crop":1,"minecraft:iron_ore":2,"croptopia:blueberry_crop":1,"minecraft:dark_oak_stairs":1,"minecraft:grass":37,"minecraft:coal_ore":20,"croptopia:apple_crop":3,"croptopia:blackberry_crop":1,"minecraft:dirt":4,"minecraft:stone":24,"minecraft:player_head":1,"minecraft:fern":2}},"DataVersion":3465}