{"stats":{"minecraft:crafted":{"inmis:baby_backpack":1,"weaponworks:iron_hammer":1,"minecraft:cooked_mutton":37,"minecraft:iron_boots":1,"minecraft:chest":7,"minecraft:cooked_porkchop":31,"minecraft:crafting_table":1,"cobblemon:verdant_ball":4,"minecraft:wooden_pickaxe":1,"minecraft:copper_ingot":43,"cobblemon:poke_ball":60,"cobblemon:quick_ball":12,"minecraft:iron_chestplate":1,"inmis:plated_backpack":2,"minecraft:stick":36,"minecraft:iron_ingot":25,"minecraft:stone_sword":1,"minecraft:gold_ingot":3,"inmis:frayed_backpack":2,"inmis:gilded_backpack":2,"minecraft:furnace":1,"inmis:bejeweled_backpack":2,"minecraft:glass_pane":16,"mcwtrpdoors:acacia_glass_trapdoor":12,"minecraft:ladder":9,"minecraft:iron_axe":1,"minecraft:stone_pickaxe":1,"minecraft:dark_oak_planks":28,"cobblemon:citrine_ball":4,"minecraft:cooked_beef":53,"weaponworks:iron_greatsword":1,"cobblemon:roseate_ball":4,"minecraft:stone_axe":1,"minecraft:air":0,"minecraft:wooden_axe":1,"minecraft:iron_leggings":1,"minecraft:white_bed":1,"minecraft:acacia_planks":68,"minecraft:torch":12,"cobblemon:great_ball":40},"minecraft:broken":{"minecraft:iron_pickaxe":1},"minecraft:killed_by":{"minecraft:zombie_villager":2,"minecraft:creeper":1,"minecraft:player":1},"minecraft:picked_up":{"minecraft:wheat":8,"cobblemon:magnet":1,"minecraft:stone_slab":1,"cobblemon:red_apricorn":80,"twigs:cobblestone_bricks":4,"minecraft:amethyst_block":2,"cobblemon:wepear_berry":2,"minecraft:string":4,"minecraft:raw_copper":52,"universal_graves:grave_compass":1,"minecraft:cobbled_deepslate":43,"cobblemon:white_apricorn_seed":2,"minecraft:spruce_planks":9,"cobblemon:oran_berry":28,"minecraft:calcite":4,"croptopia:mustard_seed":3,"minecraft:furnace":1,"minecraft:stick":8,"cobblemon:apricorn_log":3,"cobblemon:pc":2,"croptopia:barley_seed":2,"minecraft:torch":23,"croptopia:blackberry_seed":6,"minecraft:spruce_stairs":4,"minecraft:porkchop":25,"minecraft:rabbit_foot":1,"minecraft:stone_sword":1,"minecraft:rotten_flesh":23,"minecraft:white_terracotta":1,"minecraft:cobblestone":33,"minecraft:pink_petals":4,"minecraft:cooked_beef":16,"minecraft:feather":4,"cobblemon:great_ball":1,"minecraft:andesite":4,"minecraft:brown_wool":1,"minecraft:smoker":4,"minecraft:potato":1,"cobblemon:razz_berry":12,"minecraft:flint":2,"minecraft:tuff":6,"cobblemon:bluk_berry":7,"minecraft:lapis_lazuli":9,"croptopia:walnut":42,"minecraft:lantern":2,"megamons:anistarite_geode_block":36,"minecraft:dirt":65,"minecraft:glass":18,"minecraft:bone":5,"cobblemon:black_apricorn":8,"minecraft:wheat_seeds":75,"minecraft:raw_gold":30,"cobblemon:quick_powder":1,"cobblemon:thunder_stone":4,"minecraft:rabbit":3,"cobblemon:moon_stone":2,"twigs:twig":23,"cobblemon:sun_stone":5,"croptopia:mustard":1,"croptopia:blackberry":1,"cobblemon:fire_stone":2,"cobblemon:shiny_stone":3,"minecraft:stripped_spruce_log":5,"cobblemon:persim_berry":7,"croptopia:oat":1,"minecraft:grass_block":1,"cobblemon:aspear_berry":44,"minecraft:dark_oak_log":25,"megamons:anistarite_rough_geode_block":5,"cobblemon:healing_machine":25,"artifacts:golden_hook":1,"minecraft:diamond":6,"cobblemon:poke_ball":2,"cobblemon:ice_stone":3,"minecraft:emerald":1,"cobblemon:chesto_berry":30,"minecraft:coarse_dirt":1,"minecraft:crafting_table":3,"minecraft:chicken":9,"cobblemon:yellow_apricorn":23,"minecraft:wooden_pickaxe":1,"minecraft:stone_brick_wall":2,"minecraft:gold_block":1,"minecraft:cornflower":1,"cobblemon:mystic_water":1,"cobblemon:white_apricorn":13,"croptopia:soybean":1,"cobblemon:green_apricorn":31,"croptopia:tomato_seed":2,"minecraft:beef":40,"croptopia:pepper_seed":6,"minecraft:player_head":2,"cobblemon:dusk_stone":3,"minecraft:sugar_cane":16,"cobblemon:green_apricorn_seed":2,"cobblemon:chople_berry":1,"minecraft:egg":2,"minecraft:dark_oak_sapling":12,"minecraft:raw_iron":52,"croptopia:soybean_seed":3,"inmis:gilded_backpack":1,"cobblemon:dawn_stone":2,"minecraft:arrow":10,"minecraft:stone_shovel":1,"cobblemon:black_augurite":1,"croptopia:pepper":3,"minecraft:mutton":51,"cobblemon:blue_apricorn":35,"cobblemon:tanga_berry":1,"minecraft:white_wool":25,"minecraft:glow_ink_sac":6,"minecraft:leather":23,"cobblemon:kebia_berry":5,"croptopia:glowing_calamari":6,"minecraft:acacia_wood":92,"minecraft:gunpowder":6,"minecraft:cobblestone_stairs":2,"cobblemon:pink_apricorn_seed":1,"minecraft:white_banner":1,"croptopia:barley":1,"minecraft:pearlescent_froglight":4,"minecraft:apple":4,"minecraft:iron_ingot":21,"croptopia:tomato":1,"cobblemon:wacan_berry":12,"minecraft:iron_sword":1,"minecraft:acacia_sapling":18,"minecraft:dark_oak_stairs":1,"cobblemon:red_apricorn_seed":13,"minecraft:smooth_basalt":2,"croptopia:starfruit":1,"cobblemon:blue_apricorn_seed":1,"cobblemon:cheri_berry":103,"cobblemon:yellow_apricorn_seed":6,"minecraft:amethyst_shard":4,"minecraft:blast_furnace":5,"minecraft:spruce_sapling":2,"cobblemon:pink_apricorn":22,"minecraft:spider_eye":2,"croptopia:oat_seed":2,"minecraft:stone_axe":1,"croptopia:orange":1,"minecraft:diamond_axe":1,"cobblemon:water_stone":2,"minecraft:dark_oak_wood":6,"minecraft:coal":64,"minecraft:ender_pearl":2},"minecraft:used":{"fwaystones:waystone":1,"mcwfurnitures:oak_chair":4,"megamons:anistarite_rough_geode_block":3,"minecraft:ladder":7,"mcwroofs:dark_oak_upper_steep_roof":13,"mcwtrpdoors:metal_warning_trapdoor":1,"minecraft:chest":6,"minecraft:iron_sword":179,"minecraft:player_head":1,"weaponworks:iron_greatsword":64,"minecraft:tuff":6,"minecraft:stripped_spruce_log":5,"minecraft:obsidian":1,"weaponworks:iron_hammer":1,"minecraft:lantern":2,"mcwfurnitures:spruce_double_drawer_counter":1,"minecraft:iron_helmet":1,"minecraft:furnace":2,"minecraft:egg":2,"minecraft:pearlescent_froglight":2,"mcwfurnitures:spruce_coffee_table":1,"minecraft:stone_pickaxe":60,"minecraft:wooden_pickaxe":5,"quartzelv:quartz_elevator":2,"minecraft:diamond_axe":1,"twigs:mixed_bricks":2,"twigs:cobblestone_bricks":5,"minecraft:sugar_cane":16,"cobblemon:yellow_apricorn_seed":3,"minecraft:blast_furnace":5,"mcwfurnitures:oak_coffee_table":1,"megamons:anistarite_geode_block":15,"minecraft:stone_brick_wall":1,"croptopia:orange":1,"minecraft:lever":1,"cobblemon:green_apricorn_seed":2,"cobblemon:apricorn_log":2,"mcwroofs:dark_oak_lower_roof":2,"cobblemon:red_apricorn_seed":9,"mcwtrpdoors:acacia_glass_trapdoor":4,"minecraft:andesite":3,"minecraft:enchanting_table":1,"minecraft:stone_sword":89,"handcrafted:fancy_painting":3,"minecraft:flint_and_steel":3,"minecraft:stone_shovel":43,"croptopia:starfruit":1,"minecraft:spruce_planks":14,"minecraft:torch":26,"minecraft:dirt":14,"cobblemon:cheri_berry":5,"minecraft:wooden_axe":52,"minecraft:iron_axe":38,"cobblemon:pink_apricorn_seed":1,"cobblemon:pc":2,"minecraft:acacia_wood":49,"minecraft:cooked_beef":51,"minecraft:cobbled_deepslate":43,"handcrafted:warped_fancy_bed":2,"minecraft:cooked_mutton":36,"minecraft:amethyst_block":2,"minecraft:dark_oak_hanging_sign":1,"minecraft:crafting_table":4,"minecraft:red_bed":1,"minecraft:white_bed":1,"mcwwindows:spruce_window2":4,"minecraft:smoker":4,"cobblemon:healing_machine":26,"minecraft:iron_pickaxe":313,"mcwroofs:jungle_steep_roof":5,"minecraft:stone_axe":97,"minecraft:cobblestone":9,"minecraft:white_banner":1,"minecraft:cooked_porkchop":4,"mcwroofs:jungle_attic_roof":14,"minecraft:glass_pane":4,"minecraft:pumpkin_pie":3,"cobblemon:blue_apricorn_seed":1},"minecraft:killed":{"graveyard:skeleton_creeper":1,"minecraft:spider":5,"minecraft:skeleton":9,"minecraft:illusioner":1,"artifacts:mimic":1,"minecraft:pig":13,"minecraft:creeper":5,"minecraft:sheep":11,"minecraft:pillager":2,"minecraft:zombie":21,"minecraft:cow":18,"minecraft:husk":1,"cobblemon:pokemon":12,"minecraft:player":3,"minecraft:enderman":2},"minecraft:dropped":{"minecraft:iron_sword":1,"minecraft:dark_oak_stairs":1,"minecraft:cooked_beef":16,"cobblemon:sun_stone":1,"minecraft:dark_oak_sapling":12,"minecraft:cooked_porkchop":27,"cobblemon:thunder_stone":1,"cobblemon:verdant_ball":1,"minecraft:cobblestone_stairs":2,"minecraft:flint":2,"croptopia:tomato_seed":2,"minecraft:dirt":9,"cobblemon:poke_ball":32,"minecraft:cornflower":1,"croptopia:pepper":3,"croptopia:barley_seed":2,"minecraft:iron_pickaxe":1,"cobblemon:great_ball":21,"croptopia:mustard_seed":3,"minecraft:bone":2,"minecraft:stone_axe":2,"minecraft:wheat":8,"croptopia:oat_seed":2,"cobblemon:cheri_berry":18,"minecraft:rotten_flesh":11,"universal_graves:grave_compass":3,"minecraft:cooked_mutton":1,"cobblemon:white_apricorn_seed":1,"minecraft:gunpowder":4,"minecraft:stone_brick_wall":1,"minecraft:acacia_sapling":4,"inmis:bejeweled_backpack":1,"minecraft:arrow":5,"croptopia:barley":1,"croptopia:mustard":1,"minecraft:wheat_seeds":74,"minecraft:feather":4,"cobblemon:green_apricorn_seed":1,"minecraft:cobblestone":4,"cobblemon:yellow_apricorn_seed":2,"croptopia:soybean_seed":2,"minecraft:spruce_stairs":5,"cobblemon:roseate_ball":1,"minecraft:grass_block":1,"cobblemon:apricorn_log":1,"minecraft:pearlescent_froglight":2,"minecraft:torch":3,"minecraft:wooden_axe":1,"croptopia:tomato":1,"minecraft:rabbit":2,"minecraft:string":3,"minecraft:pink_petals":4,"minecraft:spruce_sapling":2,"minecraft:smooth_basalt":2,"croptopia:oat":1,"cobblemon:wepear_berry":1,"minecraft:player_head":1,"minecraft:stone_sword":2,"inmis:gilded_backpack":1,"croptopia:blackberry_seed":6,"minecraft:chicken":7,"cobblemon:quick_ball":6,"minecraft:stone_slab":1,"megamons:anistarite_geode_block":12,"minecraft:white_terracotta":1,"minecraft:skeleton_spawn_egg":1,"minecraft:potato":1,"minecraft:spruce_planks":2,"cobblemon:healing_machine":1,"minecraft:andesite":1,"cobblemon:magnet":1,"minecraft:spider_eye":2,"minecraft:stone_pickaxe":1,"minecraft:wooden_pickaxe":2,"croptopia:pepper_seed":6,"minecraft:calcite":4,"twigs:cobblestone_bricks":1},"minecraft:custom":{"minecraft:interact_with_crafting_table":45,"minecraft:open_barrel":20,"minecraft:eat_cake_slice":5,"minecraft:leave_game":11,"minecraft:time_since_death":122122,"minecraft:sprint_one_cm":1323403,"minecraft:drop":164,"minecraft:talked_to_villager":2,"minecraft:play_time":525509,"minecraft:deaths":4,"minecraft:jump":7916,"minecraft:walk_on_water_one_cm":23288,"minecraft:interact_with_furnace":52,"minecraft:sleep_in_bed":12,"minecraft:damage_dealt":19051,"minecraft:player_kills":3,"minecraft:crouch_one_cm":19239,"minecraft:interact_with_smoker":19,"minecraft:mob_kills":112,"minecraft:climb_one_cm":5541,"minecraft:walk_one_cm":718738,"minecraft:sneak_time":7911,"minecraft:walk_under_water_one_cm":24578,"minecraft:interact_with_blast_furnace":14,"minecraft:total_world_time":525509,"minecraft:time_since_rest":41078,"minecraft:damage_taken":6334,"minecraft:trigger_trapped_chest":2,"minecraft:swim_one_cm":117788,"minecraft:fly_one_cm":2175028,"minecraft:open_chest":201,"minecraft:fall_one_cm":244780},"minecraft:mined":{"minecraft:large_amethyst_bud":1,"croptopia:pepper_crop":2,"minecraft:spruce_planks":7,"croptopia:strawberry_crop":1,"minecraft:cobblestone_stairs":1,"croptopia:mustard_crop":1,"cobblemon:pc":2,"cobblemon:apricorn_log":2,"megamons:crystal_shiny_stone_ore":3,"minecraft:grass_block":52,"minecraft:stone_brick_wall":2,"megamons:crystal_dusk_stone_ore":3,"minecraft:spawner":1,"minecraft:cobbled_deepslate":10,"minecraft:iron_ore":32,"minecraft:fire":10,"minecraft:dark_oak_stairs":1,"croptopia:apple_crop":3,"megamons:crystal_ice_stone_ore":3,"cobblemon:deepslate_fire_stone_ore":2,"minecraft:player_head":1,"croptopia:starfruit_crop":1,"megamons:anistarite_geode_block":34,"minecraft:smoker":4,"minecraft:amethyst_cluster":1,"minecraft:powder_snow":4,"cobblemon:apricorn_leaves":3,"minecraft:torch":10,"croptopia:oat_crop":1,"minecraft:blast_furnace":5,"minecraft:calcite":6,"minecraft:cobblestone":1,"megamons:crystal_moon_stone_ore":2,"minecraft:sugar_cane":5,"minecraft:wall_torch":9,"minecraft:amethyst_block":2,"minecraft:pink_petals":1,"minecraft:seagrass":1,"minecraft:white_terracotta":1,"minecraft:wheat":2,"minecraft:grass":203,"minecraft:dirt":4,"minecraft:smooth_basalt":2,"minecraft:oak_leaves":12,"minecraft:deepslate":62,"cobblemon:healing_machine":25,"croptopia:cucumber_crop":1,"minecraft:tuff":6,"croptopia:orange_crop":1,"minecraft:deepslate_diamond_ore":5,"minecraft:dark_oak_log":31,"megamons:crystal_water_stone_ore":2,"minecraft:spruce_leaves":12,"cobblemon:red_apricorn_sapling":4,"croptopia:barley_crop":2,"minecraft:furnace":1,"croptopia:corn_crop":1,"minecraft:acacia_wood":94,"croptopia:soybean_crop":1,"croptopia:blueberry_crop":1,"minecraft:andesite":4,"minecraft:stripped_spruce_log":5,"minecraft:gold_block":1,"minecraft:deepslate_iron_ore":12,"minecraft:lantern":2,"minecraft:stone":34,"megamons:crystal_thunder_stone_ore":3,"megamons:anistarite_rough_geode_block":6,"croptopia:sweetpotato_crop":1,"minecraft:crafting_table":3,"minecraft:emerald_ore":1,"minecraft:stone_slab":1,"minecraft:copper_ore":16,"minecraft:tall_grass":97,"minecraft:lapis_ore":1,"minecraft:deepslate_gold_ore":30,"minecraft:green_stained_glass_pane":2,"cobblemon:yellow_apricorn_sapling":2,"croptopia:walnut_crop":2,"minecraft:coarse_dirt":1,"croptopia:tomato_crop":1,"megamons:crystal_dawn_stone_ore":2,"minecraft:coal_ore":34,"megamons:crystal_sun_stone_ore":4,"croptopia:blackberry_crop":1,"minecraft:gravel":1,"twigs:cobblestone_bricks":2,"minecraft:fern":4}},"DataVersion":3465}