{"stats":{"minecraft:crafted":{"minecraft:furnace":1,"minecraft:cooked_mutton":37,"minecraft:stone_pickaxe":1,"minecraft:chest":2,"minecraft:dark_oak_planks":28,"cobblemon:citrine_ball":4,"minecraft:cooked_beef":26,"minecraft:cooked_porkchop":23,"minecraft:crafting_table":1,"minecraft:wooden_pickaxe":1,"cobblemon:verdant_ball":4,"minecraft:copper_ingot":43,"cobblemon:roseate_ball":4,"minecraft:stone_axe":1,"minecraft:air":0,"cobblemon:poke_ball":8,"minecraft:stick":32,"minecraft:wooden_axe":1,"minecraft:stone_sword":1,"minecraft:white_bed":1,"minecraft:torch":8,"cobblemon:great_ball":12},"minecraft:used":{"minecraft:stone_sword":85,"minecraft:chest":2,"minecraft:player_head":1,"minecraft:torch":8,"minecraft:dirt":11,"minecraft:wooden_axe":52,"cobblemon:pink_apricorn_seed":1,"minecraft:furnace":2,"minecraft:egg":1,"minecraft:cooked_mutton":11,"minecraft:stone_pickaxe":60,"minecraft:wooden_pickaxe":5,"minecraft:crafting_table":4,"cobblemon:yellow_apricorn_seed":3,"minecraft:white_bed":1,"cobblemon:healing_machine":3,"croptopia:orange":1,"cobblemon:green_apricorn_seed":1,"cobblemon:apricorn_log":2,"minecraft:iron_pickaxe":10,"minecraft:stone_axe":27,"minecraft:cobblestone":8,"cobblemon:red_apricorn_seed":6,"minecraft:cooked_porkchop":4,"minecraft:pumpkin_pie":3,"cobblemon:blue_apricorn_seed":1},"minecraft:custom":{"minecraft:mob_kills":53,"minecraft:interact_with_crafting_table":24,"minecraft:open_barrel":2,"minecraft:time_since_death":118509,"minecraft:leave_game":1,"minecraft:climb_one_cm":1831,"minecraft:sprint_one_cm":314100,"minecraft:walk_one_cm":177595,"minecraft:drop":42,"minecraft:talked_to_villager":2,"minecraft:play_time":118509,"minecraft:sneak_time":768,"minecraft:walk_under_water_one_cm":18934,"minecraft:jump":1990,"minecraft:walk_on_water_one_cm":6878,"minecraft:total_world_time":118509,"minecraft:interact_with_furnace":42,"minecraft:sleep_in_bed":3,"minecraft:time_since_rest":2226,"minecraft:damage_taken":515,"minecraft:damage_dealt":6119,"minecraft:swim_one_cm":58311,"minecraft:fly_one_cm":479087,"minecraft:player_kills":1,"minecraft:open_chest":41,"minecraft:crouch_one_cm":1695,"minecraft:fall_one_cm":57187},"minecraft:killed":{"minecraft:pig":13,"cobblemon:pokemon":6,"minecraft:creeper":2,"minecraft:sheep":11,"minecraft:zombie":3,"minecraft:player":1,"minecraft:cow":18},"minecraft:dropped":{"minecraft:dark_oak_stairs":1,"minecraft:wheat_seeds":3,"minecraft:dark_oak_sapling":12,"cobblemon:verdant_ball":1,"minecraft:spruce_stairs":4,"cobblemon:roseate_ball":1,"minecraft:torch":1,"cobblemon:poke_ball":4,"minecraft:wooden_axe":1,"croptopia:pepper":2,"croptopia:barley_seed":1,"cobblemon:great_ball":2,"minecraft:spruce_sapling":2,"croptopia:oat":1,"minecraft:player_head":1,"croptopia:blackberry_seed":6,"croptopia:oat_seed":2,"minecraft:chicken":1,"minecraft:rotten_flesh":4,"minecraft:cooked_mutton":1,"minecraft:white_terracotta":1,"minecraft:spruce_planks":2,"minecraft:stone_pickaxe":1,"minecraft:wooden_pickaxe":2,"croptopia:pepper_seed":4,"minecraft:calcite":4,"croptopia:barley":1},"minecraft:picked_up":{"minecraft:crafting_table":3,"minecraft:chicken":3,"cobblemon:yellow_apricorn":5,"cobblemon:red_apricorn":13,"minecraft:wooden_pickaxe":1,"minecraft:raw_copper":43,"cobblemon:green_apricorn":7,"minecraft:spruce_planks":4,"minecraft:beef":39,"minecraft:player_head":2,"croptopia:pepper_seed":4,"minecraft:calcite":4,"minecraft:sugar_cane":16,"cobblemon:green_apricorn_seed":1,"minecraft:egg":1,"minecraft:furnace":1,"minecraft:dark_oak_sapling":12,"minecraft:raw_iron":2,"cobblemon:apricorn_log":2,"croptopia:barley_seed":1,"minecraft:torch":8,"croptopia:blackberry_seed":6,"minecraft:spruce_stairs":4,"minecraft:porkchop":25,"minecraft:rabbit_foot":1,"minecraft:rotten_flesh":4,"cobblemon:black_augurite":1,"croptopia:pepper":2,"minecraft:white_terracotta":1,"minecraft:mutton":51,"cobblemon:blue_apricorn":15,"minecraft:white_wool":25,"minecraft:cobblestone":28,"minecraft:leather":20,"cobblemon:kebia_berry":5,"cobblemon:razz_berry":12,"croptopia:walnut":42,"minecraft:gunpowder":2,"minecraft:dirt":11,"cobblemon:pink_apricorn_seed":1,"minecraft:apple":4,"croptopia:barley":1,"minecraft:wheat_seeds":3,"minecraft:rabbit":1,"twigs:twig":12,"minecraft:dark_oak_stairs":1,"cobblemon:red_apricorn_seed":6,"croptopia:blackberry":1,"cobblemon:blue_apricorn_seed":1,"cobblemon:yellow_apricorn_seed":3,"minecraft:spruce_sapling":2,"croptopia:oat":1,"cobblemon:pink_apricorn":8,"cobblemon:aspear_berry":28,"minecraft:dark_oak_log":25,"cobblemon:healing_machine":1,"croptopia:oat_seed":2,"croptopia:orange":1,"cobblemon:chesto_berry":24,"minecraft:coal":37},"minecraft:mined":{"cobblemon:healing_machine":1,"minecraft:large_amethyst_bud":1,"croptopia:pepper_crop":1,"minecraft:spruce_planks":2,"croptopia:orange_crop":1,"croptopia:strawberry_crop":1,"minecraft:dark_oak_log":31,"cobblemon:apricorn_log":2,"minecraft:grass_block":7,"cobblemon:red_apricorn_sapling":3,"croptopia:barley_crop":1,"minecraft:furnace":1,"minecraft:iron_ore":2,"croptopia:corn_crop":1,"croptopia:blueberry_crop":1,"minecraft:dark_oak_stairs":1,"croptopia:apple_crop":3,"minecraft:stone":25,"minecraft:player_head":1,"minecraft:crafting_table":3,"minecraft:torch":3,"cobblemon:apricorn_leaves":3,"croptopia:oat_crop":1,"minecraft:calcite":6,"minecraft:copper_ore":13,"minecraft:tall_grass":15,"minecraft:cobblestone":1,"minecraft:sugar_cane":5,"minecraft:wall_torch":5,"cobblemon:yellow_apricorn_sapling":2,"minecraft:white_terracotta":1,"croptopia:walnut_crop":2,"minecraft:grass":45,"minecraft:coal_ore":20,"croptopia:blackberry_crop":1,"minecraft:dirt":4,"minecraft:fern":2}},"DataVersion":3465}