{"stats":{"minecraft:killed":{"minecraft:spider":1,"minecraft:skeleton":5,"minecraft:husk":1,"minecraft:pig":13,"cobblemon:pokemon":6,"minecraft:creeper":3,"minecraft:sheep":11,"minecraft:pillager":2,"minecraft:zombie":10,"minecraft:player":1,"minecraft:cow":18},"minecraft:mined":{"cobblemon:healing_machine":15,"croptopia:cucumber_crop":1,"minecraft:large_amethyst_bud":1,"croptopia:pepper_crop":2,"minecraft:tuff":3,"minecraft:spruce_planks":7,"croptopia:orange_crop":1,"minecraft:deepslate_diamond_ore":1,"croptopia:strawberry_crop":1,"minecraft:cobblestone_stairs":1,"croptopia:mustard_crop":1,"minecraft:dark_oak_log":31,"cobblemon:apricorn_log":2,"megamons:crystal_shiny_stone_ore":1,"minecraft:stone_brick_wall":2,"minecraft:grass_block":49,"cobblemon:red_apricorn_sapling":4,"megamons:crystal_dusk_stone_ore":1,"minecraft:spawner":1,"croptopia:barley_crop":2,"minecraft:furnace":1,"minecraft:fire":3,"minecraft:iron_ore":20,"minecraft:cobbled_deepslate":10,"croptopia:corn_crop":1,"minecraft:acacia_wood":67,"croptopia:soybean_crop":1,"croptopia:blueberry_crop":1,"minecraft:andesite":1,"minecraft:gold_block":1,"minecraft:dark_oak_stairs":1,"minecraft:deepslate_iron_ore":3,"croptopia:apple_crop":3,"minecraft:lantern":2,"megamons:crystal_ice_stone_ore":1,"cobblemon:deepslate_fire_stone_ore":2,"minecraft:stone":33,"minecraft:player_head":1,"megamons:crystal_thunder_stone_ore":1,"megamons:anistarite_rough_geode_block":2,"croptopia:starfruit_crop":1,"megamons:anistarite_geode_block":14,"minecraft:smoker":3,"minecraft:crafting_table":3,"minecraft:torch":8,"cobblemon:apricorn_leaves":3,"croptopia:oat_crop":1,"minecraft:blast_furnace":4,"minecraft:calcite":6,"minecraft:stone_slab":1,"minecraft:copper_ore":13,"minecraft:tall_grass":52,"minecraft:cobblestone":1,"minecraft:green_stained_glass_pane":2,"minecraft:deepslate_gold_ore":9,"minecraft:sugar_cane":5,"minecraft:wall_torch":6,"minecraft:seagrass":1,"cobblemon:yellow_apricorn_sapling":2,"minecraft:white_terracotta":1,"croptopia:walnut_crop":2,"minecraft:coarse_dirt":1,"croptopia:tomato_crop":1,"minecraft:grass":172,"megamons:crystal_dawn_stone_ore":2,"minecraft:coal_ore":20,"megamons:crystal_sun_stone_ore":1,"croptopia:blackberry_crop":1,"minecraft:dirt":4,"minecraft:smooth_basalt":2,"minecraft:oak_leaves":10,"minecraft:deepslate":54,"minecraft:fern":3},"minecraft:picked_up":{"minecraft:crafting_table":3,"minecraft:coarse_dirt":1,"cobblemon:magnet":1,"minecraft:chicken":8,"cobblemon:yellow_apricorn":23,"minecraft:stone_slab":1,"cobblemon:red_apricorn":80,"minecraft:wooden_pickaxe":1,"minecraft:stone_brick_wall":2,"minecraft:gold_block":1,"minecraft:cornflower":1,"cobblemon:wepear_berry":1,"minecraft:string":3,"minecraft:raw_copper":43,"cobblemon:white_apricorn":1,"croptopia:soybean":1,"minecraft:cobbled_deepslate":38,"cobblemon:green_apricorn":31,"croptopia:tomato_seed":2,"cobblemon:white_apricorn_seed":1,"minecraft:spruce_planks":9,"minecraft:beef":39,"cobblemon:oran_berry":19,"croptopia:pepper_seed":6,"minecraft:player_head":2,"minecraft:calcite":4,"cobblemon:dusk_stone":1,"croptopia:mustard_seed":3,"minecraft:sugar_cane":16,"cobblemon:chople_berry":1,"cobblemon:green_apricorn_seed":2,"minecraft:furnace":1,"minecraft:egg":1,"minecraft:dark_oak_sapling":12,"minecraft:raw_iron":23,"cobblemon:apricorn_log":2,"croptopia:barley_seed":2,"croptopia:soybean_seed":3,"minecraft:torch":16,"croptopia:blackberry_seed":6,"minecraft:spruce_stairs":4,"minecraft:porkchop":25,"minecraft:rabbit_foot":1,"cobblemon:dawn_stone":2,"minecraft:stone_sword":1,"minecraft:arrow":5,"minecraft:rotten_flesh":12,"minecraft:stone_shovel":1,"cobblemon:black_augurite":1,"croptopia:pepper":3,"minecraft:white_terracotta":1,"cobblemon:tanga_berry":1,"minecraft:mutton":51,"cobblemon:blue_apricorn":35,"minecraft:white_wool":25,"minecraft:cobblestone":32,"minecraft:feather":4,"minecraft:andesite":1,"minecraft:leather":20,"cobblemon:kebia_berry":5,"minecraft:smoker":3,"minecraft:acacia_wood":66,"minecraft:potato":1,"cobblemon:razz_berry":12,"minecraft:flint":2,"minecraft:tuff":3,"minecraft:cobblestone_stairs":2,"croptopia:walnut":42,"minecraft:gunpowder":6,"megamons:anistarite_geode_block":16,"minecraft:dirt":62,"minecraft:lantern":2,"minecraft:white_banner":1,"cobblemon:pink_apricorn_seed":1,"minecraft:glass":18,"minecraft:bone":2,"minecraft:apple":4,"croptopia:barley":1,"cobblemon:quick_powder":1,"cobblemon:black_apricorn":8,"minecraft:wheat_seeds":21,"minecraft:raw_gold":9,"minecraft:iron_ingot":1,"croptopia:tomato":1,"cobblemon:thunder_stone":2,"minecraft:rabbit":1,"twigs:twig":23,"minecraft:iron_sword":1,"minecraft:acacia_sapling":14,"minecraft:dark_oak_stairs":1,"cobblemon:sun_stone":2,"cobblemon:red_apricorn_seed":13,"minecraft:smooth_basalt":2,"croptopia:starfruit":1,"croptopia:mustard":1,"cobblemon:fire_stone":2,"croptopia:blackberry":1,"cobblemon:blue_apricorn_seed":1,"cobblemon:shiny_stone":1,"cobblemon:cheri_berry":36,"cobblemon:yellow_apricorn_seed":6,"cobblemon:persim_berry":7,"minecraft:spruce_sapling":2,"cobblemon:pink_apricorn":22,"minecraft:blast_furnace":4,"croptopia:oat":1,"cobblemon:aspear_berry":37,"minecraft:dark_oak_log":25,"minecraft:spider_eye":2,"megamons:anistarite_rough_geode_block":1,"cobblemon:healing_machine":15,"croptopia:oat_seed":2,"cobblemon:poke_ball":2,"minecraft:diamond":1,"minecraft:stone_axe":1,"croptopia:orange":1,"cobblemon:ice_stone":1,"cobblemon:chesto_berry":24,"minecraft:coal":37},"minecraft:killed_by":{"minecraft:player":1,"minecraft:creeper":1},"minecraft:custom":{"minecraft:mob_kills":71,"minecraft:interact_with_crafting_table":32,"minecraft:open_barrel":9,"minecraft:eat_cake_slice":5,"minecraft:leave_game":5,"minecraft:time_since_death":122994,"minecraft:climb_one_cm":2817,"minecraft:sprint_one_cm":885279,"minecraft:walk_one_cm":432946,"minecraft:drop":129,"minecraft:talked_to_villager":2,"minecraft:deaths":2,"minecraft:play_time":283336,"minecraft:sneak_time":4038,"minecraft:walk_under_water_one_cm":20607,"minecraft:jump":5016,"minecraft:interact_with_blast_furnace":10,"minecraft:walk_on_water_one_cm":12677,"minecraft:total_world_time":283336,"minecraft:interact_with_furnace":49,"minecraft:sleep_in_bed":8,"minecraft:time_since_rest":68476,"minecraft:damage_taken":2494,"minecraft:damage_dealt":9789,"minecraft:swim_one_cm":82881,"minecraft:fly_one_cm":1377668,"minecraft:player_kills":1,"minecraft:open_chest":131,"minecraft:crouch_one_cm":8016,"minecraft:interact_with_smoker":16,"minecraft:fall_one_cm":151939},"minecraft:crafted":{"minecraft:furnace":1,"minecraft:cooked_mutton":37,"minecraft:glass_pane":16,"mcwtrpdoors:acacia_glass_trapdoor":12,"minecraft:iron_axe":1,"minecraft:stone_pickaxe":1,"minecraft:chest":4,"minecraft:dark_oak_planks":28,"cobblemon:citrine_ball":4,"minecraft:cooked_beef":53,"minecraft:cooked_porkchop":31,"minecraft:crafting_table":1,"cobblemon:verdant_ball":4,"minecraft:wooden_pickaxe":1,"minecraft:copper_ingot":43,"cobblemon:roseate_ball":4,"minecraft:stone_axe":1,"minecraft:air":0,"cobblemon:quick_ball":12,"cobblemon:poke_ball":60,"minecraft:stick":32,"minecraft:iron_ingot":25,"minecraft:wooden_axe":1,"minecraft:stone_sword":1,"minecraft:gold_ingot":3,"minecraft:white_bed":1,"minecraft:acacia_planks":68,"minecraft:torch":8,"cobblemon:great_ball":40},"minecraft:dropped":{"minecraft:iron_sword":1,"minecraft:dark_oak_stairs":1,"minecraft:wheat_seeds":19,"cobblemon:sun_stone":1,"minecraft:dark_oak_sapling":12,"minecraft:cooked_porkchop":27,"cobblemon:thunder_stone":1,"cobblemon:green_apricorn_seed":1,"minecraft:feather":4,"minecraft:cobblestone":4,"cobblemon:yellow_apricorn_seed":2,"cobblemon:verdant_ball":1,"croptopia:soybean_seed":2,"minecraft:spruce_stairs":4,"cobblemon:roseate_ball":1,"minecraft:flint":2,"minecraft:cobblestone_stairs":2,"croptopia:tomato_seed":2,"minecraft:dirt":9,"minecraft:torch":3,"minecraft:cornflower":1,"cobblemon:poke_ball":32,"minecraft:wooden_axe":1,"croptopia:tomato":1,"croptopia:pepper":3,"croptopia:barley_seed":2,"minecraft:iron_pickaxe":1,"cobblemon:great_ball":20,"croptopia:mustard_seed":3,"minecraft:string":3,"minecraft:spruce_sapling":2,"minecraft:smooth_basalt":2,"minecraft:bone":2,"croptopia:oat":1,"minecraft:stone_axe":2,"cobblemon:wepear_berry":1,"minecraft:player_head":1,"minecraft:stone_sword":2,"cobblemon:cheri_berry":13,"croptopia:oat_seed":2,"croptopia:blackberry_seed":6,"minecraft:chicken":6,"minecraft:rotten_flesh":11,"universal_graves:grave_compass":1,"cobblemon:quick_ball":6,"minecraft:stone_slab":1,"megamons:anistarite_geode_block":12,"minecraft:cooked_mutton":1,"minecraft:white_terracotta":1,"minecraft:potato":1,"cobblemon:white_apricorn_seed":1,"minecraft:gunpowder":4,"minecraft:spruce_planks":2,"cobblemon:healing_machine":1,"minecraft:andesite":1,"cobblemon:magnet":1,"minecraft:stone_brick_wall":1,"minecraft:spider_eye":2,"minecraft:arrow":5,"minecraft:wooden_pickaxe":2,"minecraft:stone_pickaxe":1,"croptopia:pepper_seed":6,"minecraft:calcite":4,"croptopia:barley":1,"croptopia:mustard":1},"minecraft:used":{"minecraft:flint_and_steel":3,"minecraft:enchanting_table":1,"minecraft:stone_sword":89,"megamons:anistarite_rough_geode_block":1,"minecraft:stone_shovel":43,"croptopia:starfruit":1,"minecraft:spruce_planks":3,"minecraft:chest":4,"minecraft:iron_sword":102,"minecraft:player_head":1,"minecraft:torch":19,"minecraft:dirt":11,"cobblemon:cheri_berry":5,"minecraft:tuff":3,"minecraft:obsidian":1,"minecraft:wooden_axe":52,"minecraft:lantern":2,"minecraft:iron_axe":3,"cobblemon:pink_apricorn_seed":1,"minecraft:iron_helmet":1,"minecraft:furnace":2,"minecraft:acacia_wood":49,"minecraft:egg":1,"minecraft:cooked_beef":9,"minecraft:cobbled_deepslate":38,"minecraft:cooked_mutton":36,"minecraft:stone_pickaxe":60,"minecraft:wooden_pickaxe":5,"minecraft:crafting_table":4,"minecraft:blast_furnace":4,"cobblemon:yellow_apricorn_seed":3,"minecraft:white_bed":1,"megamons:anistarite_geode_block":4,"minecraft:stone_brick_wall":1,"minecraft:smoker":3,"cobblemon:healing_machine":15,"croptopia:orange":1,"cobblemon:green_apricorn_seed":2,"cobblemon:apricorn_log":2,"minecraft:iron_pickaxe":173,"minecraft:stone_axe":97,"cobblemon:red_apricorn_seed":9,"minecraft:cobblestone":8,"minecraft:white_banner":1,"minecraft:cooked_porkchop":4,"mcwtrpdoors:acacia_glass_trapdoor":4,"minecraft:pumpkin_pie":3,"cobblemon:blue_apricorn_seed":1}},"DataVersion":3465}