{"stats":{"minecraft:killed":{"minecraft:cave_spider":1,"minecraft:zombified_piglin":1,"minecraft:witch":8,"minecraft:spider":11,"minecraft:shulker":25,"minecraft:skeleton":16,"minecraft:guardian":6,"minecraft:piglin":1,"minecraft:pig":12,"minecraft:zombie_villager":3,"minecraft:elder_guardian":1,"minecraft:iron_golem":6,"minecraft:ender_dragon":1,"minecraft:creeper":10,"minecraft:sheep":8,"minecraft:trader_llama":2,"minecraft:pillager":52,"minecraft:zombie":51,"minecraft:blaze":21,"minecraft:cow":7,"minecraft:evoker":12,"minecraft:vex":11,"minecraft:vindicator":38,"minecraft:phantom":5,"minecraft:horse":3,"minecraft:panda":1,"minecraft:drowned":4,"minecraft:bat":1,"minecraft:ravager":12,"minecraft:wither_skeleton":1,"minecraft:villager":3,"minecraft:enderman":20},"minecraft:dropped":{"minecraft:clay":2,"minecraft:piston":1,"minecraft:brown_mushroom":1,"minecraft:cooked_beef":1,"minecraft:glass_bottle":1,"minecraft:crossbow":2,"minecraft:cookie":216,"minecraft:warped_roots":2,"minecraft:cod":18,"minecraft:red_mushroom":3,"minecraft:flint":10,"minecraft:dirt":51,"minecraft:cornflower":2,"minecraft:light_gray_banner":7,"minecraft:writable_book":1,"minecraft:pumpkin_pie":1,"minecraft:bone_meal":1,"minecraft:sand":9,"minecraft:glistering_melon_slice":48,"minecraft:iron_pickaxe":2,"advancednetherite:netherite_iron_pickaxe":1,"minecraft:fishing_rod":3,"minecraft:bone":5,"minecraft:gravel":166,"minecraft:stone_axe":26,"minecraft:lever":1,"minecraft:rotten_flesh":38,"minecraft:diamond_shovel":3,"minecraft:carrot":5,"minecraft:salmon":6,"minecraft:poppy":3,"minecraft:leather_chestplate":1,"minecraft:gunpowder":1,"minecraft:jungle_stairs":64,"minecraft:chainmail_boots":6,"minecraft:leather_leggings":1,"minecraft:basalt":11,"minecraft:arrow":1,"minecraft:campfire":2,"minecraft:netherrack":12,"minecraft:lectern":1,"minecraft:firework_rocket":58,"minecraft:egg":1,"minecraft:stone_hoe":24,"minecraft:enchanted_book":2,"minecraft:bread":225,"minecraft:oak_slab":1,"minecraft:wheat_seeds":28,"minecraft:iron_helmet":1,"minecraft:prismarine_shard":6,"minecraft:purpur_slab":1,"minecraft:oak_fence":1,"minecraft:golden_axe":2,"minecraft:prismarine_crystals":3,"minecraft:book":8,"minecraft:granite":21,"minecraft:chainmail_helmet":24,"minecraft:stick":4,"minecraft:diorite":73,"minecraft:golden_carrot":22,"minecraft:sponge":85,"minecraft:wooden_axe":3,"minecraft:map":12,"minecraft:iron_leggings":8,"minecraft:green_carpet":2,"minecraft:oak_stairs":1,"minecraft:white_banner":1,"minecraft:iron_axe":28,"minecraft:chainmail_leggings":25,"minecraft:string":715,"minecraft:redstone":2,"minecraft:dandelion":4,"minecraft:kelp":94,"minecraft:warped_nylium":4,"minecraft:oak_trapdoor":1,"minecraft:cobblestone_wall":1,"minecraft:diamond_hoe":3,"minecraft:stone_shovel":2,"minecraft:clay_ball":48,"minecraft:iron_hoe":1,"minecraft:ender_eye":1,"minecraft:suspicious_stew":15,"minecraft:filled_map":1,"minecraft:diamond_pickaxe":2,"minecraft:andesite":26,"minecraft:oak_sapling":1,"minecraft:spider_eye":3,"minecraft:bamboo":2,"minecraft:diamond_boots":1,"minecraft:rabbit_stew":10,"minecraft:sandstone":2,"minecraft:bow":17,"minecraft:stone_pickaxe":14,"minecraft:wooden_pickaxe":4,"minecraft:magma_block":3,"minecraft:dark_prismarine":3},"minecraft:broken":{"minecraft:bow":1},"minecraft:killed_by":{"minecraft:ender_dragon":1,"minecraft:skeleton":1},"minecraft:custom":{"minecraft:interact_with_crafting_table":110,"minecraft:open_barrel":29,"minecraft:open_shulker_box":18,"minecraft:bell_ring":35,"minecraft:leave_game":14,"minecraft:time_since_death":502580,"minecraft:sprint_one_cm":2175600,"minecraft:damage_blocked_by_shield":1582,"minecraft:drop":431,"minecraft:talked_to_villager":858,"minecraft:play_time":925336,"minecraft:deaths":4,"minecraft:jump":16394,"minecraft:interact_with_brewingstand":3,"minecraft:walk_on_water_one_cm":147641,"minecraft:enchant_item":21,"minecraft:interact_with_furnace":96,"minecraft:traded_with_villager":2449,"minecraft:sleep_in_bed":26,"minecraft:damage_dealt":61798,"minecraft:player_kills":1,"minecraft:crouch_one_cm":155887,"minecraft:interact_with_smithing_table":6,"minecraft:horse_one_cm":7149,"minecraft:interact_with_smoker":1,"minecraft:interact_with_anvil":14,"minecraft:mob_kills":383,"minecraft:inspect_hopper":55,"minecraft:climb_one_cm":34887,"minecraft:walk_one_cm":1738549,"minecraft:damage_dealt_absorbed":80,"minecraft:raid_win":2,"minecraft:sneak_time":47084,"minecraft:walk_under_water_one_cm":208206,"minecraft:boat_one_cm":12243,"minecraft:interact_with_blast_furnace":32,"minecraft:total_world_time":925336,"minecraft:raid_trigger":2,"minecraft:interact_with_stonecutter":6,"minecraft:interact_with_grindstone":21,"minecraft:time_since_rest":14961,"minecraft:damage_taken":16946,"minecraft:damage_absorbed":101,"minecraft:swim_one_cm":409058,"minecraft:fly_one_cm":4609844,"minecraft:open_chest":974,"minecraft:aviate_one_cm":1093752,"minecraft:fall_one_cm":454844},"minecraft:picked_up":{"minecraft:shulker_shell":16,"minecraft:chainmail_boots":4,"minecraft:anvil":1,"minecraft:nether_brick_fence":24,"minecraft:prismarine_shard":6,"minecraft:smithing_table":5,"minecraft:lead":4,"minecraft:diamond_sword":3,"minecraft:oak_stairs":3,"minecraft:enchanted_book":2,"minecraft:potion":3,"minecraft:brewing_stand":1,"minecraft:string":19541,"minecraft:raw_copper":23,"minecraft:iron_leggings":5,"minecraft:shroomlight":3,"minecraft:beetroot":17,"minecraft:diamond_leggings":2,"minecraft:gold_nugget":64,"minecraft:cobbled_deepslate":318,"minecraft:bucket":2,"minecraft:eye_armor_trim_smithing_template":3,"comforts:sleeping_bag_white":18,"minecraft:ender_eye":19,"minecraft:iron_pickaxe":3,"minecraft:iron_boots":1,"minecraft:furnace":14,"minecraft:tipped_arrow":1,"minecraft:stick":26,"minecraft:composter":9,"minecraft:oak_fence":1,"minecraft:torch":44,"minecraft:purpur_pillar":18,"minecraft:acacia_log":27,"minecraft:porkchop":24,"minecraft:golden_axe":2,"minecraft:lightning_rod":2,"minecraft:diorite":137,"minecraft:rotten_flesh":57,"minecraft:glowstone":6,"minecraft:bookshelf":9,"minecraft:blaze_rod":7,"minecraft:obsidian":5,"minecraft:cod":28,"minecraft:blaze_powder":1,"minecraft:cobblestone":909,"minecraft:sponge":4,"minecraft:birch_log":4,"minecraft:enchanting_table":2,"minecraft:magma_block":55,"minecraft:leather_chestplate":1,"minecraft:iron_door":1,"minecraft:cooked_beef":8,"minecraft:water_bucket":1,"minecraft:andesite":35,"minecraft:smoker":2,"minecraft:flint":21,"minecraft:tuff":72,"minecraft:lapis_lazuli":336,"minecraft:dirt":1660,"minecraft:lantern":14,"minecraft:name_tag":1,"minecraft:glass":24,"minecraft:bone":25,"minecraft:acacia_planks":1,"minecraft:stonecutter":8,"minecraft:bow":6,"minecraft:wheat_seeds":60,"minecraft:raw_gold":147,"minecraft:bell":4,"minecraft:grindstone":17,"advancednetherite:netherite_iron_pickaxe":3,"minecraft:diamond_helmet":2,"minecraft:mossy_stone_bricks":4,"minecraft:fletching_table":3,"minecraft:bamboo":2,"minecraft:glowstone_dust":6,"minecraft:prismarine":1,"minecraft:stone_hoe":12,"minecraft:oak_planks":88,"minecraft:cooked_porkchop":10,"minecraft:sand":2141,"minecraft:barrel":10,"minecraft:shulker_box":7,"minecraft:dark_prismarine":4,"minecraft:sugar":14,"minecraft:clay":2,"minecraft:diamond":41,"minecraft:lever":8,"minecraft:crossbow":4,"minecraft:granite":73,"minecraft:bone_meal":1,"minecraft:golden_apple":6,"minecraft:bread":1,"minecraft:chainmail_helmet":13,"minecraft:emerald":65,"minecraft:oak_sapling":29,"minecraft:chorus_fruit":32,"minecraft:netherrack":3205,"minecraft:dark_oak_fence":2,"moretotems:explosive_totem_of_undying":2,"minecraft:diamond_pickaxe":2,"minecraft:end_stone_bricks":2,"minecraft:charcoal":2,"minecraft:crafting_table":18,"minecraft:splash_potion":1,"minecraft:ladder":4,"minecraft:clay_ball":48,"minecraft:leather_leggings":1,"minecraft:brown_mushroom":18,"minecraft:wooden_pickaxe":2,"minecraft:gold_block":8,"minecraft:diamond_horse_armor":1,"minecraft:purpur_block":5,"minecraft:shield":1,"minecraft:cornflower":2,"minecraft:oak_trapdoor":17,"minecraft:elytra":1,"minecraft:iron_axe":7,"minecraft:netherite_scrap":2,"minecraft:item_frame":6,"minecraft:iron_shovel":2,"minecraft:cartography_table":5,"minecraft:beef":6,"minecraft:oak_boat":15,"minecraft:poppy":7,"minecraft:lectern":51,"minecraft:minecart":10,"minecraft:sugar_cane":1073,"minecraft:chest":2,"minecraft:phantom_membrane":1,"minecraft:piston":1,"minecraft:egg":7,"minecraft:sandstone":2,"minecraft:raw_iron":315,"minecraft:end_stone":217,"minecraft:stone":11,"minecraft:oak_door":9,"minecraft:cookie":1,"minecraft:redstone":2,"minecraft:prismarine_crystals":3,"minecraft:dark_oak_planks":32,"minecraft:tnt":40,"minecraft:arrow":25,"minecraft:diamond_chestplate":2,"minecraft:stone_shovel":2,"minecraft:cooked_cod":3,"minecraft:pumpkin_pie":6,"minecraft:nether_bricks":108,"minecraft:diamond_boots":2,"minecraft:purpur_slab":4,"minecraft:hay_block":14,"minecraft:gold_ingot":12,"minecraft:saddle":6,"minecraft:glistering_melon_slice":24,"minecraft:totem_of_undying":14,"minecraft:wet_sponge":69,"minecraft:mutton":12,"minecraft:white_wool":67,"minecraft:rail":219,"minecraft:stripped_oak_log":1,"minecraft:basalt":89,"minecraft:golden_carrot":40,"minecraft:salmon":13,"minecraft:leather":12,"minecraft:red_mushroom":3,"minecraft:filled_map":1,"minecraft:mushroom_stew":3,"minecraft:purpur_stairs":5,"minecraft:oak_log":288,"minecraft:ancient_debris":16,"minecraft:cobblestone_wall":1,"minecraft:yellow_bed":7,"minecraft:gunpowder":4,"minecraft:cobblestone_stairs":1,"minecraft:white_banner":14,"minecraft:cooked_mutton":8,"minecraft:red_carpet":6,"minecraft:apple":44,"minecraft:stone_bricks":19,"minecraft:kelp":121,"minecraft:acacia_trapdoor":3,"minecraft:iron_ingot":45,"minecraft:stone_pickaxe":8,"minecraft:iron_sword":1,"minecraft:book":76,"minecraft:oak_slab":15,"minecraft:quartz":86,"minecraft:dandelion":10,"minecraft:gravel":223,"minecraft:blast_furnace":8,"minecraft:white_bed":20,"minecraft:green_carpet":2,"minecraft:spider_eye":11,"minecraft:dragon_egg":2,"minecraft:firework_rocket":29,"minecraft:diamond_shovel":3,"minecraft:campfire":1,"minecraft:stone_axe":16,"minecraft:chainmail_leggings":13,"minecraft:diamond_axe":2,"minecraft:warped_roots":2,"minecraft:baked_potato":2,"minecraft:damaged_anvil":2,"minecraft:warped_nylium":9,"minecraft:coal":286,"minecraft:hopper":9,"minecraft:wooden_axe":1,"minecraft:ender_pearl":21},"minecraft:used":{"minecraft:writable_book":1,"advancednetherite:netherite_iron_pickaxe":2018,"minecraft:iron_shovel":82,"minecraft:elytra":12,"minecraft:ladder":4,"minecraft:chest":46,"minecraft:shield":11,"minecraft:iron_sword":41,"minecraft:rotten_flesh":1,"minecraft:iron_chestplate":1,"minecraft:nether_bricks":52,"minecraft:packed_ice":6,"minecraft:wet_sponge":7,"minecraft:warped_nylium":1,"advancednetherite:netherite_emerald_pickaxe":2467,"minecraft:stone_bricks":12,"minecraft:item_frame":24,"minecraft:bow":561,"minecraft:oak_sapling":2,"minecraft:furnace":14,"minecraft:egg":4,"minecraft:damaged_anvil":2,"minecraft:diorite":9,"minecraft:end_stone_bricks":2,"minecraft:oak_planks":106,"minecraft:stone_pickaxe":136,"minecraft:acacia_trapdoor":3,"minecraft:ender_pearl":5,"minecraft:wooden_pickaxe":27,"minecraft:composter":3,"minecraft:sugar_cane":211,"minecraft:diamond_axe":596,"minecraft:purpur_pillar":17,"minecraft:golden_apple":1,"minecraft:purpur_stairs":4,"minecraft:sand":1300,"minecraft:sponge":533,"minecraft:blast_furnace":8,"minecraft:crossbow":2,"minecraft:end_stone":217,"minecraft:shears":2,"minecraft:lightning_rod":2,"minecraft:lever":9,"minecraft:firework_rocket":31,"minecraft:dark_oak_log":4,"minecraft:string":7,"minecraft:bread":1,"minecraft:lectern":50,"minecraft:gravel":16,"minecraft:andesite":1,"minecraft:diamond_sword":813,"minecraft:purpur_block":5,"minecraft:oak_trapdoor":21,"minecraft:oak_boat":12,"minecraft:grindstone":17,"minecraft:smithing_table":5,"minecraft:experience_bottle":1,"minecraft:enchanting_table":3,"minecraft:netherrack":341,"minecraft:oak_door":7,"minecraft:torch":77,"minecraft:dragon_egg":2,"minecraft:brewing_stand":1,"minecraft:dirt":1096,"minecraft:anvil":3,"minecraft:hopper":17,"minecraft:diamond_helmet":1,"minecraft:shulker_box":12,"minecraft:granite":3,"minecraft:shroomlight":3,"minecraft:iron_hoe":92,"minecraft:wooden_axe":24,"minecraft:bookshelf":26,"minecraft:iron_axe":149,"minecraft:diamond_chestplate":12,"minecraft:barrel":13,"minecraft:iron_boots":1,"minecraft:tripwire_hook":2,"minecraft:glowstone":2,"minecraft:golden_carrot":55,"minecraft:totem_of_undying":5,"minecraft:basalt":49,"minecraft:beef":2,"minecraft:goat_horn":18,"minecraft:minecart":10,"comforts:sleeping_bag_white":16,"minecraft:cooked_beef":11,"minecraft:cobbled_deepslate":155,"minecraft:cooked_mutton":11,"minecraft:water_bucket":179,"minecraft:cobblestone_stairs":1,"minecraft:cartography_table":4,"minecraft:fletching_table":5,"minecraft:stonecutter":6,"minecraft:tnt":128,"minecraft:salmon":2,"minecraft:crafting_table":21,"minecraft:rail":216,"minecraft:oak_slab":22,"minecraft:white_bed":50,"minecraft:cod":8,"minecraft:smoker":2,"minecraft:dark_prismarine":1,"minecraft:ender_eye":26,"minecraft:diamond_pickaxe":2816,"minecraft:diamond_shovel":4819,"minecraft:iron_pickaxe":153,"minecraft:purpur_slab":3,"minecraft:stone_axe":30,"minecraft:cobblestone":170,"minecraft:potion":1,"minecraft:white_banner":1,"minecraft:cooked_porkchop":98,"minecraft:bucket":179,"minecraft:pumpkin_pie":48,"minecraft:yellow_bed":7,"minecraft:splash_potion":4},"minecraft:mined":{"minecraft:white_bed":22,"minecraft:andesite_stairs":2,"minecraft:cobblestone_stairs":1,"minecraft:brewing_stand":1,"minecraft:obsidian":5,"minecraft:granite":77,"minecraft:budding_amethyst":1,"minecraft:acacia_log":49,"minecraft:grass_block":597,"minecraft:purpur_slab":4,"minecraft:composter":6,"minecraft:hopper":9,"minecraft:spawner":2,"minecraft:weeping_vines_plant":1,"minecraft:tall_seagrass":15,"minecraft:magma_block":86,"minecraft:glowstone":2,"minecraft:iron_ore":134,"minecraft:barrel":10,"minecraft:fire":187,"minecraft:cobbled_deepslate":12,"minecraft:anvil":1,"minecraft:deepslate_lapis_ore":19,"minecraft:fletching_table":3,"minecraft:enchanting_table":2,"minecraft:dirt_path":38,"minecraft:oak_stairs":10,"minecraft:end_stone_bricks":6,"minecraft:tripwire":2,"minecraft:blackstone":12,"minecraft:kelp_plant":78,"minecraft:crimson_nylium":1,"minecraft:smoker":2,"minecraft:purpur_stairs":5,"minecraft:torch":14,"minecraft:blast_furnace":8,"minecraft:calcite":71,"minecraft:chest":4,"minecraft:potted_acacia_sapling":1,"minecraft:nether_quartz_ore":40,"minecraft:cobblestone":34,"minecraft:damaged_anvil":2,"minecraft:oak_planks":140,"minecraft:sugar_cane":901,"minecraft:prismarine":3,"minecraft:grindstone":17,"minecraft:iron_door":1,"minecraft:wall_torch":12,"minecraft:amethyst_block":30,"minecraft:seagrass":32,"minecraft:stone_stairs":7,"minecraft:warped_nylium":5,"minecraft:nether_wart_block":1,"minecraft:birch_log":2,"minecraft:tnt":1,"minecraft:purpur_block":5,"minecraft:oak_log":291,"minecraft:sand":3201,"minecraft:dirt":872,"minecraft:piston":1,"minecraft:smooth_basalt":55,"minecraft:deepslate":288,"minecraft:ancient_debris":16,"minecraft:stonecutter":7,"minecraft:netherrack":3708,"minecraft:oak_leaves":46,"minecraft:nether_gold_ore":12,"minecraft:dark_prismarine":5,"minecraft:tuff":186,"minecraft:mossy_cobblestone":2,"minecraft:dark_oak_leaves":1,"minecraft:deepslate_diamond_ore":26,"minecraft:oak_door":5,"minecraft:end_stone":156,"minecraft:nether_bricks":117,"minecraft:lever":1,"minecraft:shulker_box":6,"minecraft:glow_lichen":1,"minecraft:ladder":4,"minecraft:kelp":19,"minecraft:cartography_table":4,"minecraft:hay_block":14,"minecraft:oak_trapdoor":16,"minecraft:furnace":14,"minecraft:acacia_trapdoor":6,"minecraft:andesite":117,"minecraft:gold_block":8,"minecraft:bell":2,"minecraft:nether_brick_fence":28,"minecraft:bookshelf":15,"minecraft:shroomlight":3,"minecraft:deepslate_iron_ore":38,"minecraft:rail":216,"minecraft:stripped_oak_log":1,"minecraft:packed_ice":6,"minecraft:wet_sponge":74,"minecraft:chorus_plant":1,"minecraft:stone":1410,"minecraft:smithing_table":4,"minecraft:oak_slab":22,"minecraft:acacia_leaves":2,"minecraft:glass_pane":3,"minecraft:magenta_stained_glass":4,"minecraft:infested_stone_bricks":1,"minecraft:basalt":82,"minecraft:oak_fence":28,"minecraft:crafting_table":18,"minecraft:short_grass":98,"minecraft:sponge":4,"minecraft:warped_roots":2,"minecraft:andesite_slab":3,"minecraft:campfire":1,"minecraft:lectern":51,"minecraft:stone_slab":3,"minecraft:lightning_rod":2,"minecraft:copper_ore":5,"minecraft:purpur_pillar":20,"minecraft:tall_grass":26,"minecraft:lapis_ore":19,"minecraft:deepslate_gold_ore":46,"minecraft:diorite":206,"minecraft:cobblestone_wall":1,"minecraft:yellow_bed":7,"minecraft:coal_ore":82,"minecraft:gravel":194,"minecraft:cobweb":9,"minecraft:acacia_planks":1,"minecraft:stone_bricks":20,"minecraft:mossy_stone_bricks":8,"minecraft:gold_ore":24},"minecraft:crafted":{"minecraft:brick":150,"minecraft:oak_planks":764,"minecraft:chainmail_helmet":12,"minecraft:barrel":3,"minecraft:blaze_powder":18,"minecraft:cooked_chicken":10,"minecraft:stone":107,"minecraft:lever":2,"minecraft:diamond_shovel":6,"minecraft:bookshelf":17,"minecraft:shulker_box":6,"minecraft:cooked_mutton":4,"minecraft:suspicious_stew":15,"minecraft:glass":84,"minecraft:hopper":8,"minecraft:diamond_helmet":1,"minecraft:diamond_leggings":2,"minecraft:bow":19,"minecraft:iron_boots":1,"minecraft:chest":58,"minecraft:chiseled_stone_bricks":64,"minecraft:netherite_upgrade_smithing_template":10,"minecraft:rail":80,"minecraft:bricks":37,"minecraft:ender_eye":18,"minecraft:stone_hoe":12,"minecraft:oak_slab":12,"minecraft:item_frame":18,"minecraft:arrow":192,"minecraft:emerald":1960,"minecraft:cooked_porkchop":169,"minecraft:diamond_axe":1,"minecraft:map":12,"minecraft:crafting_table":5,"minecraft:wooden_pickaxe":2,"minecraft:iron_helmet":1,"advancednetherite:netherite_iron_pickaxe":1,"minecraft:light_gray_banner":7,"minecraft:fletching_table":2,"minecraft:birch_planks":16,"minecraft:campfire":17,"minecraft:cartography_table":1,"minecraft:apple":64,"minecraft:iron_chestplate":1,"minecraft:book":6,"minecraft:paper":144,"minecraft:diamond_pickaxe":2,"minecraft:emerald_block":61,"minecraft:shield":2,"minecraft:stick":232,"minecraft:iron_pickaxe":5,"minecraft:iron_ingot":191,"minecraft:compass":2,"minecraft:iron_block":6,"minecraft:gold_ingot":113,"minecraft:netherite_ingot":4,"minecraft:sponge":84,"minecraft:shears":2,"minecraft:packed_ice":6,"minecraft:golden_carrot":99,"minecraft:oak_door":3,"minecraft:cookie":216,"minecraft:redstone":24,"minecraft:rabbit_stew":10,"minecraft:fishing_rod":4,"minecraft:tripwire_hook":2,"minecraft:diamond_hoe":3,"comforts:sleeping_bag_white":1,"minecraft:furnace":4,"minecraft:oak_trapdoor":12,"minecraft:glass_pane":128,"advancednetherite:netherite_gold_pickaxe":1,"minecraft:lantern":36,"minecraft:iron_axe":22,"minecraft:ladder":3,"minecraft:iron_hoe":1,"minecraft:ender_pearl":15,"minecraft:stone_pickaxe":13,"minecraft:diamond_boots":1,"minecraft:filled_map":2,"minecraft:netherite_scrap":14,"minecraft:dark_oak_planks":12,"minecraft:chainmail_leggings":12,"moretotems:explosive_totem_of_undying":1,"minecraft:minecart":1,"minecraft:glistering_melon_slice":24,"minecraft:wheat":126,"advancednetherite:netherite_emerald_ingot":1,"minecraft:cooked_beef":9,"minecraft:dripstone_block":36,"advancednetherite:netherite_iron_ingot":3,"minecraft:netherite_pickaxe":1,"minecraft:diamond_sword":1,"advancednetherite:netherite_gold_ingot":2,"minecraft:enchanting_table":1,"minecraft:iron_sword":1,"minecraft:bucket":1,"minecraft:stone_axe":13,"minecraft:glowstone":8,"minecraft:enchanted_book":32,"minecraft:bread":216,"minecraft:air":0,"minecraft:oak_boat":4,"minecraft:white_wool":564,"minecraft:golden_apple":1,"minecraft:chainmail_boots":3,"minecraft:black_glazed_terracotta":6,"minecraft:wooden_axe":2,"minecraft:iron_shovel":1,"minecraft:iron_leggings":11,"minecraft:anvil":2,"minecraft:white_bed":30,"minecraft:pumpkin_pie":48,"minecraft:acacia_planks":108,"minecraft:torch":44,"advancednetherite:netherite_emerald_pickaxe":1,"minecraft:lapis_lazuli":12,"minecraft:firework_rocket":60,"minecraft:diamond_chestplate":1}},"DataVersion":3839}