{"stats":{"minecraft:crafted":{"inmis:baby_backpack":1,"weaponworks:iron_hammer":1,"minecraft:cooked_mutton":37,"minecraft:iron_boots":1,"minecraft:chest":13,"minecraft:cooked_porkchop":31,"minecraft:crafting_table":1,"minecraft:spruce_planks":40,"cobblemon:verdant_ball":4,"minecraft:wooden_pickaxe":1,"minecraft:copper_ingot":43,"cobblemon:poke_ball":60,"cobblemon:quick_ball":12,"minecraft:iron_chestplate":1,"inmis:plated_backpack":2,"minecraft:stick":48,"minecraft:iron_ingot":61,"minecraft:stone_sword":1,"minecraft:gold_ingot":3,"inmis:frayed_backpack":2,"inmis:gilded_backpack":2,"minecraft:furnace":1,"graveyard:dark_iron_ingot":9,"inmis:bejeweled_backpack":2,"minecraft:glass_pane":16,"mcwtrpdoors:acacia_glass_trapdoor":12,"minecraft:iron_axe":1,"minecraft:ladder":9,"minecraft:stone_pickaxe":1,"minecraft:dark_oak_planks":28,"cobblemon:citrine_ball":4,"minecraft:cooked_beef":53,"weaponworks:iron_greatsword":1,"cobblemon:roseate_ball":4,"minecraft:stone_axe":1,"minecraft:air":0,"minecraft:wooden_axe":1,"minecraft:iron_leggings":1,"minecraft:white_bed":1,"minecraft:acacia_planks":68,"minecraft:torch":12,"cobblemon:great_ball":40},"minecraft:picked_up":{"minecraft:chiseled_deepslate":1,"minecraft:iron_chestplate":2,"minecraft:wheat":8,"minecraft:chainmail_boots":4,"cobblemon:magnet":1,"minecraft:stone_slab":1,"cobblemon:red_apricorn":80,"graveyard:light_gray_urn":1,"minecraft:potion":13,"minecraft:brewing_stand":8,"twigs:cobblestone_bricks":4,"minecraft:amethyst_block":4,"minecraft:polished_deepslate":1,"cobblemon:wepear_berry":2,"minecraft:string":19,"minecraft:raw_copper":63,"minecraft:iron_leggings":2,"universal_graves:grave_compass":1,"minecraft:cobbled_deepslate":44,"cobblemon:white_apricorn_seed":2,"minecraft:spruce_planks":10,"cobblemon:oran_berry":28,"minecraft:calcite":4,"croptopia:mustard_seed":3,"minecraft:iron_boots":1,"minecraft:furnace":1,"minecraft:tipped_arrow":4,"minecraft:stick":8,"cobblemon:apricorn_log":3,"cobblemon:pc":2,"croptopia:barley_seed":2,"minecraft:torch":32,"croptopia:blackberry_seed":6,"minecraft:spruce_stairs":4,"minecraft:porkchop":25,"graveyard:dark_iron_trapdoor":1,"minecraft:rabbit_foot":1,"minecraft:stone_sword":1,"minecraft:command_block":1,"minecraft:rotten_flesh":32,"graveyard:gray_urn":1,"minecraft:white_terracotta":1,"minecraft:deepslate_brick_stairs":1,"minecraft:iron_bars":4,"minecraft:cobblestone":33,"minecraft:pink_petals":4,"minecraft:cooked_beef":16,"cobblemon:great_ball":1,"minecraft:feather":4,"minecraft:oxidized_copper":2,"minecraft:andesite":4,"minecraft:brown_wool":1,"minecraft:smoker":4,"minecraft:potato":1,"cobblemon:razz_berry":12,"minecraft:flint":3,"fwaystones:stone_brick_waystone":1,"minecraft:tuff":6,"cobblemon:bluk_berry":7,"graveyard:dark_iron_door":3,"croptopia:walnut":42,"minecraft:lapis_lazuli":9,"megamons:anistarite_geode_block":36,"minecraft:dirt":80,"minecraft:lantern":2,"minecraft:name_tag":1,"minecraft:leather_boots":1,"minecraft:glass":18,"minecraft:bone":43,"cobblemon:black_apricorn":8,"minecraft:wheat_seeds":77,"minecraft:cobbled_deepslate_slab":1,"minecraft:raw_gold":30,"cobblemon:quick_powder":1,"cobblemon:thunder_stone":4,"minecraft:rabbit":3,"cobblemon:moon_stone":2,"twigs:twig":29,"cobblemon:sun_stone":5,"graveyard:bone_dagger":1,"croptopia:mustard":1,"croptopia:blackberry":1,"cobblemon:fire_stone":2,"cobblemon:shiny_stone":3,"cobblemon:persim_berry":7,"minecraft:stripped_spruce_log":5,"croptopia:oat":1,"minecraft:grass_block":1,"cobblemon:aspear_berry":44,"minecraft:dark_oak_log":25,"megamons:anistarite_rough_geode_block":5,"cobblemon:healing_machine":26,"artifacts:golden_hook":1,"minecraft:diamond":6,"cobblemon:poke_ball":2,"minecraft:soul_lantern":1,"cobblemon:ice_stone":3,"minecraft:spruce_sign":4,"minecraft:emerald":1,"minecraft:oak_sapling":2,"cobblemon:chesto_berry":30,"minecraft:mud_brick_slab":2,"minecraft:coarse_dirt":1,"minecraft:crafting_table":3,"minecraft:ladder":3,"graveyard:dark_iron_ingot":1,"minecraft:chicken":9,"minecraft:nether_wart":32,"croptopia:peach":11,"cobblemon:yellow_apricorn":23,"minecraft:wooden_pickaxe":1,"minecraft:stone_brick_wall":2,"minecraft:gold_block":1,"minecraft:dragon_breath":8,"minecraft:cornflower":1,"cobblemon:mystic_water":1,"cobblemon:white_apricorn":13,"croptopia:soybean":1,"minecraft:glass_pane":4,"graveyard:corruption":42,"cobblemon:green_apricorn":31,"croptopia:tomato_seed":2,"minecraft:beef":40,"croptopia:pepper_seed":6,"minecraft:player_head":2,"graveyard:leaning_skeleton":1,"cobblemon:dusk_stone":3,"minecraft:minecart":2,"minecraft:sugar_cane":16,"cobblemon:green_apricorn_seed":2,"cobblemon:chople_berry":1,"minecraft:phantom_membrane":1,"minecraft:egg":2,"minecraft:dark_oak_sapling":12,"minecraft:raw_iron":54,"croptopia:soybean_seed":3,"inmis:gilded_backpack":1,"cobblemon:dawn_stone":2,"minecraft:arrow":18,"minecraft:stone_shovel":1,"minecraft:deepslate_bricks":1,"minecraft:cracked_deepslate_bricks":1,"cobblemon:black_augurite":1,"croptopia:pepper":3,"minecraft:mutton":51,"cobblemon:blue_apricorn":35,"cobblemon:tanga_berry":1,"minecraft:white_wool":25,"minecraft:stripped_oak_log":2,"minecraft:glow_ink_sac":6,"minecraft:leather":23,"cobblemon:kebia_berry":5,"croptopia:glowing_calamari":6,"minecraft:acacia_wood":92,"graveyard:small_light_gray_urn":1,"minecraft:oak_log":9,"minecraft:cobbled_deepslate_stairs":1,"minecraft:gunpowder":6,"minecraft:cobblestone_stairs":2,"minecraft:white_banner":1,"cobblemon:pink_apricorn_seed":1,"croptopia:barley":1,"minecraft:pearlescent_froglight":4,"minecraft:apple":17,"minecraft:iron_ingot":21,"minecraft:cobweb":29,"croptopia:tomato":1,"cobblemon:wacan_berry":12,"minecraft:iron_sword":1,"minecraft:acacia_sapling":18,"minecraft:soul_sand":9,"minecraft:dark_oak_stairs":1,"minecraft:book":37,"cobblemon:red_apricorn_seed":13,"minecraft:smooth_basalt":2,"croptopia:starfruit":1,"cobblemon:blue_apricorn_seed":1,"minecraft:gravel":1,"cobblemon:cheri_berry":103,"cobblemon:yellow_apricorn_seed":6,"minecraft:amethyst_shard":4,"minecraft:spruce_sapling":2,"minecraft:blast_furnace":6,"cobblemon:pink_apricorn":22,"minecraft:spider_eye":3,"croptopia:oat_seed":2,"minecraft:stone_axe":1,"croptopia:orange":1,"minecraft:diamond_axe":1,"cobblemon:water_stone":2,"minecraft:dark_oak_wood":6,"minecraft:coal":68,"minecraft:ender_pearl":3},"minecraft:dropped":{"minecraft:spruce_sign":6,"minecraft:iron_sword":1,"minecraft:dark_oak_stairs":1,"minecraft:mud_brick_slab":1,"minecraft:cooked_beef":16,"minecraft:dark_oak_sapling":12,"minecraft:cooked_porkchop":27,"cobblemon:sun_stone":1,"cobblemon:thunder_stone":1,"cobblemon:verdant_ball":1,"minecraft:flint":2,"minecraft:cobblestone_stairs":2,"croptopia:tomato_seed":2,"minecraft:dirt":24,"cobblemon:poke_ball":32,"minecraft:cornflower":1,"croptopia:pepper":3,"croptopia:barley_seed":2,"minecraft:iron_pickaxe":1,"cobblemon:great_ball":30,"croptopia:mustard_seed":3,"minecraft:bone":2,"minecraft:stone_axe":2,"minecraft:cobbled_deepslate":1,"minecraft:wheat":8,"cobblemon:cheri_berry":18,"croptopia:oat_seed":2,"graveyard:dark_iron_ingot":1,"minecraft:rotten_flesh":19,"universal_graves:grave_compass":4,"minecraft:cooked_mutton":1,"minecraft:chiseled_deepslate":1,"cobblemon:white_apricorn_seed":1,"minecraft:gunpowder":4,"minecraft:leather_boots":1,"minecraft:stone_brick_wall":1,"minecraft:acacia_sapling":4,"minecraft:chainmail_boots":4,"minecraft:ladder":1,"inmis:bejeweled_backpack":1,"minecraft:arrow":5,"croptopia:barley":1,"croptopia:mustard":1,"minecraft:wheat_seeds":75,"minecraft:minecart":1,"minecraft:feather":4,"cobblemon:green_apricorn_seed":1,"minecraft:cobblestone":4,"cobblemon:yellow_apricorn_seed":2,"minecraft:amethyst_block":1,"minecraft:command_block":2,"croptopia:soybean_seed":2,"minecraft:spruce_stairs":5,"cobblemon:roseate_ball":1,"minecraft:grass_block":1,"cobblemon:apricorn_log":1,"minecraft:pearlescent_froglight":2,"minecraft:torch":3,"minecraft:wooden_axe":1,"minecraft:rabbit":2,"croptopia:tomato":1,"minecraft:iron_leggings":2,"minecraft:potion":13,"graveyard:gray_urn":1,"minecraft:string":7,"minecraft:pink_petals":4,"minecraft:oxidized_copper":1,"minecraft:spruce_sapling":2,"minecraft:smooth_basalt":2,"graveyard:dark_iron_door":3,"croptopia:oat":1,"cobblemon:wepear_berry":1,"minecraft:player_head":1,"minecraft:stone_sword":2,"minecraft:raw_copper":11,"inmis:gilded_backpack":1,"croptopia:blackberry_seed":6,"minecraft:chicken":7,"minecraft:iron_boots":2,"cobblemon:quick_ball":6,"minecraft:stone_slab":1,"megamons:anistarite_geode_block":12,"minecraft:white_terracotta":1,"minecraft:skeleton_spawn_egg":1,"minecraft:glass_pane":8,"minecraft:potato":1,"minecraft:diamond_chestplate":1,"minecraft:spruce_planks":10,"cobblemon:healing_machine":1,"minecraft:andesite":1,"cobblemon:magnet":1,"minecraft:spider_eye":3,"minecraft:stone_pickaxe":1,"minecraft:wooden_pickaxe":2,"croptopia:pepper_seed":6,"minecraft:calcite":4,"twigs:cobblestone_bricks":1},"minecraft:mined":{"minecraft:large_amethyst_bud":1,"croptopia:pepper_crop":2,"minecraft:spruce_planks":9,"graveyard:gray_urn":1,"minecraft:cobbled_deepslate_stairs":1,"croptopia:strawberry_crop":1,"minecraft:cobblestone_stairs":1,"croptopia:mustard_crop":1,"cobblemon:pc":2,"cobblemon:apricorn_log":2,"minecraft:brewing_stand":8,"megamons:crystal_shiny_stone_ore":3,"minecraft:stone_brick_wall":2,"minecraft:grass_block":52,"graveyard:dark_iron_door":3,"minecraft:deepslate_bricks":1,"megamons:crystal_dusk_stone_ore":3,"minecraft:nether_wart":4,"minecraft:spawner":9,"minecraft:cobbled_deepslate":11,"minecraft:iron_ore":32,"minecraft:fire":10,"graveyard:leaning_wither_skeleton":1,"minecraft:dark_oak_stairs":1,"croptopia:apple_crop":3,"minecraft:iron_bars":4,"megamons:crystal_ice_stone_ore":3,"minecraft:deepslate_brick_stairs":2,"cobblemon:deepslate_fire_stone_ore":2,"minecraft:player_head":1,"minecraft:tripwire":1,"croptopia:starfruit_crop":1,"graveyard:light_gray_urn":1,"megamons:anistarite_geode_block":34,"graveyard:dark_iron_trapdoor":1,"minecraft:smoker":4,"minecraft:amethyst_cluster":1,"minecraft:powder_snow":4,"minecraft:torch":12,"cobblemon:apricorn_leaves":3,"croptopia:oat_crop":1,"minecraft:blast_furnace":5,"minecraft:calcite":6,"minecraft:oxidized_copper":1,"minecraft:cobblestone":1,"graveyard:skeleton_hand":1,"megamons:crystal_moon_stone_ore":2,"minecraft:sugar_cane":5,"minecraft:wall_torch":12,"minecraft:amethyst_block":3,"minecraft:pink_petals":1,"minecraft:seagrass":1,"minecraft:white_terracotta":1,"minecraft:wheat":2,"graveyard:skull_pile":1,"minecraft:grass":214,"graveyard:creeper_skeleton":1,"minecraft:oak_log":19,"minecraft:dirt":5,"minecraft:smooth_basalt":2,"minecraft:oak_leaves":12,"minecraft:deepslate":62,"minecraft:suspicious_gravel":1,"cobblemon:healing_machine":26,"croptopia:cucumber_crop":1,"minecraft:tuff":6,"croptopia:orange_crop":1,"minecraft:deepslate_diamond_ore":5,"minecraft:red_stained_glass":1,"minecraft:dark_oak_log":31,"minecraft:cobbled_deepslate_slab":1,"minecraft:ladder":1,"graveyard:tg_deepslate":1,"megamons:crystal_water_stone_ore":2,"minecraft:spruce_leaves":12,"cobblemon:red_apricorn_sapling":4,"croptopia:barley_crop":2,"minecraft:furnace":1,"croptopia:corn_crop":1,"minecraft:acacia_wood":94,"croptopia:soybean_crop":1,"minecraft:andesite":4,"croptopia:blueberry_crop":1,"minecraft:stripped_spruce_log":5,"minecraft:chiseled_deepslate":1,"minecraft:gold_block":1,"minecraft:polished_deepslate":1,"minecraft:bookshelf":13,"minecraft:deepslate_iron_ore":12,"minecraft:lantern":2,"minecraft:stripped_oak_log":2,"minecraft:stone":47,"megamons:crystal_thunder_stone_ore":3,"megamons:anistarite_rough_geode_block":6,"minecraft:soul_sand":9,"croptopia:sweetpotato_crop":1,"graveyard:small_light_gray_urn":1,"minecraft:crafting_table":3,"minecraft:emerald_ore":1,"minecraft:stone_slab":1,"minecraft:tall_grass":99,"minecraft:copper_ore":16,"minecraft:deepslate_gold_ore":30,"minecraft:lapis_ore":1,"minecraft:green_stained_glass_pane":2,"minecraft:cracked_deepslate_bricks":1,"cobblemon:yellow_apricorn_sapling":2,"croptopia:walnut_crop":2,"minecraft:coarse_dirt":1,"graveyard:skull_with_rib_cage":1,"graveyard:vase_block":1,"minecraft:birch_leaves":1,"croptopia:tomato_crop":1,"megamons:crystal_dawn_stone_ore":2,"graveyard:dark_iron_bars":1,"minecraft:coal_ore":34,"megamons:crystal_sun_stone_ore":4,"croptopia:blackberry_crop":1,"minecraft:gravel":3,"graveyard:leaning_skeleton":1,"minecraft:cobweb":11,"twigs:cobblestone_bricks":2,"minecraft:fern":4},"minecraft:killed_by":{"cobblemon:pokemon":3,"minecraft:zombie_villager":2,"minecraft:creeper":1,"minecraft:player":2,"graveyard:corrupted_vindicator":2},"minecraft:broken":{"minecraft:iron_boots":1,"weaponworks:iron_greatsword":1,"minecraft:iron_pickaxe":1,"minecraft:iron_helmet":1},"minecraft:killed":{"graveyard:skeleton_creeper":1,"minecraft:spider":7,"graveyard:wraith":20,"minecraft:skeleton":12,"graveyard:acolyte":10,"minecraft:illusioner":1,"artifacts:mimic":1,"minecraft:pig":13,"minecraft:creeper":7,"minecraft:sheep":11,"minecraft:pillager":4,"minecraft:zombie":25,"graveyard:corrupted_pillager":14,"minecraft:cow":18,"graveyard:corrupted_vindicator":13,"minecraft:husk":1,"cobblemon:pokemon":21,"minecraft:player":3,"minecraft:enderman":2},"minecraft:custom":{"minecraft:interact_with_crafting_table":49,"minecraft:open_barrel":62,"minecraft:eat_cake_slice":5,"minecraft:leave_game":13,"minecraft:time_since_death":4430,"minecraft:sprint_one_cm":1582551,"minecraft:drop":227,"minecraft:talked_to_villager":2,"minecraft:play_time":664563,"minecraft:deaths":12,"minecraft:jump":9112,"minecraft:interact_with_brewingstand":1,"minecraft:walk_on_water_one_cm":25367,"minecraft:interact_with_furnace":53,"minecraft:sleep_in_bed":14,"minecraft:damage_dealt":38987,"minecraft:player_kills":3,"minecraft:crouch_one_cm":25764,"minecraft:interact_with_smoker":19,"minecraft:mob_kills":193,"minecraft:climb_one_cm":16641,"minecraft:walk_one_cm":986993,"minecraft:sneak_time":10228,"minecraft:walk_under_water_one_cm":25735,"minecraft:interact_with_lectern":4,"minecraft:interact_with_blast_furnace":14,"minecraft:total_world_time":664563,"minecraft:tune_noteblock":1,"minecraft:time_since_rest":4458,"minecraft:damage_taken":11964,"minecraft:trigger_trapped_chest":2,"minecraft:swim_one_cm":123788,"minecraft:fly_one_cm":2477271,"minecraft:open_chest":307,"minecraft:fall_one_cm":288496},"minecraft:used":{"fwaystones:waystone":1,"mcwfurnitures:oak_chair":4,"minecraft:writable_book":1,"minecraft:polished_deepslate":1,"megamons:anistarite_rough_geode_block":3,"minecraft:ladder":8,"mcwroofs:dark_oak_upper_steep_roof":13,"minecraft:chest":12,"minecraft:iron_sword":238,"mcwtrpdoors:metal_warning_trapdoor":1,"minecraft:player_head":1,"weaponworks:iron_greatsword":247,"minecraft:tuff":6,"minecraft:stripped_spruce_log":5,"minecraft:obsidian":1,"minecraft:lantern":2,"weaponworks:iron_hammer":1,"mcwfurnitures:spruce_double_drawer_counter":1,"minecraft:iron_helmet":1,"minecraft:furnace":2,"minecraft:egg":2,"minecraft:pearlescent_froglight":2,"mcwfurnitures:spruce_coffee_table":1,"minecraft:ender_pearl":1,"minecraft:stone_pickaxe":60,"minecraft:wooden_pickaxe":5,"quartzelv:quartz_elevator":2,"twigs:mixed_bricks":2,"minecraft:sugar_cane":16,"twigs:cobblestone_bricks":5,"minecraft:diamond_axe":60,"fwaystones:stone_brick_waystone":1,"minecraft:blast_furnace":5,"cobblemon:yellow_apricorn_seed":3,"megamons:anistarite_geode_block":15,"minecraft:stone_brick_wall":1,"mcwfurnitures:oak_coffee_table":1,"minecraft:cobbled_deepslate_stairs":1,"croptopia:orange":1,"minecraft:deepslate_brick_stairs":1,"minecraft:lever":1,"cobblemon:green_apricorn_seed":2,"cobblemon:apricorn_log":2,"minecraft:bread":6,"mcwroofs:dark_oak_lower_roof":2,"minecraft:fire_charge":3,"cobblemon:red_apricorn_seed":9,"mcwtrpdoors:acacia_glass_trapdoor":4,"minecraft:andesite":3,"minecraft:enchanting_table":1,"minecraft:stone_sword":89,"handcrafted:fancy_painting":3,"minecraft:flint_and_steel":3,"minecraft:cracked_deepslate_bricks":1,"minecraft:stone_shovel":43,"croptopia:starfruit":1,"minecraft:spruce_planks":14,"gobber2:gobber2_axe_end":6,"minecraft:cooked_chicken":21,"minecraft:torch":38,"minecraft:dirt":14,"cobblemon:cheri_berry":5,"minecraft:wooden_axe":52,"minecraft:iron_axe":38,"cobblemon:pink_apricorn_seed":1,"graveyard:leaning_skeleton":1,"cobblemon:pc":2,"minecraft:acacia_wood":49,"minecraft:cooked_beef":56,"minecraft:cobbled_deepslate":43,"minecraft:command_block_minecart":1,"handcrafted:warped_fancy_bed":2,"minecraft:cooked_mutton":54,"minecraft:amethyst_block":2,"minecraft:dark_oak_hanging_sign":1,"minecraft:deepslate_bricks":1,"graveyard:bone_dagger":1,"minecraft:rail":1,"minecraft:crafting_table":4,"minecraft:red_bed":1,"minecraft:white_bed":1,"cobblemon:healing_machine":27,"minecraft:smoker":4,"mcwwindows:spruce_window2":4,"minecraft:diamond_pickaxe":73,"minecraft:iron_pickaxe":313,"mcwroofs:jungle_steep_roof":5,"minecraft:stone_axe":97,"minecraft:cobblestone":9,"minecraft:cobbled_deepslate_slab":1,"minecraft:white_banner":1,"minecraft:cooked_porkchop":4,"mcwroofs:jungle_attic_roof":14,"minecraft:glass_pane":4,"minecraft:pumpkin_pie":3,"minecraft:stripped_oak_log":1,"cobblemon:blue_apricorn_seed":1}},"DataVersion":3465}