{"stats":{"minecraft:used":{"minecraft:cooked_mutton":6,"minecraft:stone_sword":83,"minecraft:stone_pickaxe":60,"minecraft:chest":2,"minecraft:wooden_pickaxe":5,"minecraft:player_head":1,"minecraft:torch":6,"minecraft:dirt":11,"minecraft:crafting_table":4,"cobblemon:yellow_apricorn_seed":3,"minecraft:white_bed":1,"cobblemon:healing_machine":3,"croptopia:orange":1,"minecraft:wooden_axe":52,"cobblemon:apricorn_log":2,"minecraft:iron_pickaxe":8,"minecraft:stone_axe":18,"cobblemon:red_apricorn_seed":5,"minecraft:cobblestone":8,"minecraft:furnace":2,"minecraft:cooked_porkchop":4,"minecraft:pumpkin_pie":3,"minecraft:egg":1},"minecraft:crafted":{"minecraft:cooked_beef":26,"minecraft:cooked_porkchop":22,"minecraft:crafting_table":1,"minecraft:wooden_pickaxe":1,"minecraft:furnace":1,"minecraft:copper_ingot":30,"minecraft:stone_axe":1,"minecraft:cooked_mutton":37,"minecraft:air":0,"cobblemon:poke_ball":8,"minecraft:stick":32,"minecraft:stone_pickaxe":1,"minecraft:wooden_axe":1,"minecraft:stone_sword":1,"minecraft:chest":2,"minecraft:white_bed":1,"minecraft:dark_oak_planks":28,"minecraft:torch":8},"minecraft:custom":{"minecraft:interact_with_furnace":37,"minecraft:mob_kills":46,"minecraft:interact_with_crafting_table":18,"minecraft:open_barrel":2,"minecraft:leave_game":1,"minecraft:time_since_death":94509,"minecraft:sleep_in_bed":1,"minecraft:climb_one_cm":1831,"minecraft:time_since_rest":4362,"minecraft:sprint_one_cm":232331,"minecraft:damage_taken":405,"minecraft:walk_one_cm":145763,"minecraft:drop":34,"minecraft:damage_dealt":5409,"minecraft:swim_one_cm":24263,"minecraft:talked_to_villager":2,"minecraft:fly_one_cm":334524,"minecraft:player_kills":1,"minecraft:open_chest":27,"minecraft:crouch_one_cm":1537,"minecraft:play_time":94509,"minecraft:sneak_time":586,"minecraft:walk_under_water_one_cm":2521,"minecraft:jump":1451,"minecraft:walk_on_water_one_cm":3297,"minecraft:total_world_time":94509,"minecraft:fall_one_cm":40071},"minecraft:killed":{"minecraft:pig":13,"cobblemon:pokemon":6,"minecraft:creeper":2,"minecraft:sheep":11,"minecraft:zombie":3,"minecraft:player":1,"minecraft:cow":11},"minecraft:dropped":{"croptopia:oat":1,"minecraft:dark_oak_stairs":1,"minecraft:wheat_seeds":3,"minecraft:player_head":1,"minecraft:dark_oak_sapling":12,"minecraft:chicken":1,"croptopia:blackberry_seed":6,"croptopia:oat_seed":2,"minecraft:rotten_flesh":4,"minecraft:cooked_mutton":1,"minecraft:white_terracotta":1,"minecraft:spruce_stairs":4,"minecraft:spruce_planks":2,"minecraft:torch":1,"cobblemon:poke_ball":4,"minecraft:wooden_axe":1,"croptopia:barley_seed":1,"minecraft:stone_pickaxe":1,"minecraft:wooden_pickaxe":2,"minecraft:calcite":4,"croptopia:barley":1,"minecraft:spruce_sapling":2},"minecraft:picked_up":{"minecraft:crafting_table":3,"minecraft:chicken":2,"cobblemon:yellow_apricorn":3,"minecraft:leather":11,"cobblemon:red_apricorn":8,"cobblemon:kebia_berry":5,"minecraft:wooden_pickaxe":1,"cobblemon:razz_berry":12,"croptopia:walnut":42,"minecraft:gunpowder":2,"minecraft:dirt":11,"minecraft:raw_copper":43,"croptopia:barley":1,"minecraft:apple":4,"minecraft:wheat_seeds":3,"cobblemon:green_apricorn":6,"minecraft:spruce_planks":4,"minecraft:beef":26,"minecraft:calcite":4,"minecraft:player_head":2,"cobblemon:green_apricorn_seed":1,"twigs:twig":12,"minecraft:sugar_cane":16,"minecraft:dark_oak_stairs":1,"minecraft:furnace":1,"minecraft:egg":1,"cobblemon:red_apricorn_seed":5,"minecraft:dark_oak_sapling":12,"minecraft:raw_iron":2,"cobblemon:apricorn_log":2,"croptopia:barley_seed":1,"minecraft:torch":6,"croptopia:blackberry_seed":6,"croptopia:blackberry":1,"minecraft:spruce_stairs":4,"minecraft:porkchop":25,"cobblemon:yellow_apricorn_seed":3,"minecraft:spruce_sapling":2,"croptopia:oat":1,"cobblemon:aspear_berry":12,"minecraft:dark_oak_log":25,"cobblemon:healing_machine":1,"croptopia:oat_seed":2,"minecraft:rotten_flesh":4,"croptopia:orange":1,"cobblemon:black_augurite":1,"minecraft:white_terracotta":1,"minecraft:mutton":51,"minecraft:coal":37,"minecraft:white_wool":25,"minecraft:cobblestone":27},"minecraft:mined":{"cobblemon:healing_machine":1,"minecraft:spruce_planks":2,"croptopia:orange_crop":1,"croptopia:strawberry_crop":1,"minecraft:dark_oak_log":31,"cobblemon:apricorn_log":2,"cobblemon:apricorn_leaves":2,"minecraft:crafting_table":3,"minecraft:torch":2,"croptopia:oat_crop":1,"minecraft:grass_block":7,"minecraft:calcite":6,"minecraft:tall_grass":13,"minecraft:copper_ore":13,"minecraft:cobblestone":1,"cobblemon:red_apricorn_sapling":2,"minecraft:sugar_cane":5,"minecraft:wall_torch":4,"cobblemon:yellow_apricorn_sapling":2,"croptopia:barley_crop":1,"minecraft:white_terracotta":1,"croptopia:walnut_crop":2,"minecraft:furnace":1,"croptopia:corn_crop":1,"minecraft:iron_ore":2,"croptopia:blueberry_crop":1,"minecraft:dark_oak_stairs":1,"minecraft:grass":40,"minecraft:coal_ore":20,"croptopia:apple_crop":3,"croptopia:blackberry_crop":1,"minecraft:dirt":4,"minecraft:stone":24,"minecraft:player_head":1,"minecraft:fern":2}},"DataVersion":3465}