{"stats":{"minecraft:crafted":{"minecraft:furnace":1,"minecraft:cooked_mutton":37,"minecraft:glass_pane":16,"mcwtrpdoors:acacia_glass_trapdoor":12,"minecraft:stone_pickaxe":1,"minecraft:chest":2,"minecraft:dark_oak_planks":28,"cobblemon:citrine_ball":4,"minecraft:cooked_beef":26,"minecraft:cooked_porkchop":23,"minecraft:crafting_table":1,"cobblemon:verdant_ball":4,"minecraft:wooden_pickaxe":1,"minecraft:copper_ingot":43,"cobblemon:roseate_ball":4,"minecraft:stone_axe":1,"minecraft:air":0,"cobblemon:poke_ball":8,"minecraft:stick":32,"minecraft:wooden_axe":1,"minecraft:stone_sword":1,"minecraft:white_bed":1,"minecraft:acacia_planks":24,"minecraft:torch":8,"cobblemon:great_ball":12},"minecraft:used":{"minecraft:stone_sword":89,"minecraft:stone_shovel":43,"minecraft:chest":2,"minecraft:iron_sword":7,"minecraft:player_head":1,"minecraft:torch":17,"minecraft:dirt":11,"minecraft:tuff":3,"cobblemon:cheri_berry":5,"minecraft:wooden_axe":52,"minecraft:lantern":2,"minecraft:iron_helmet":1,"cobblemon:pink_apricorn_seed":1,"minecraft:furnace":2,"minecraft:acacia_wood":49,"minecraft:egg":1,"minecraft:cobbled_deepslate":16,"minecraft:cooked_mutton":19,"minecraft:stone_pickaxe":60,"minecraft:wooden_pickaxe":5,"minecraft:crafting_table":4,"cobblemon:yellow_apricorn_seed":3,"minecraft:white_bed":1,"cobblemon:healing_machine":3,"croptopia:orange":1,"cobblemon:green_apricorn_seed":2,"cobblemon:apricorn_log":2,"minecraft:iron_pickaxe":76,"minecraft:stone_axe":97,"cobblemon:red_apricorn_seed":9,"minecraft:cobblestone":8,"mcwtrpdoors:acacia_glass_trapdoor":4,"minecraft:cooked_porkchop":4,"minecraft:pumpkin_pie":3,"cobblemon:blue_apricorn_seed":1},"minecraft:custom":{"minecraft:mob_kills":56,"minecraft:interact_with_crafting_table":29,"minecraft:open_barrel":2,"minecraft:time_since_death":19680,"minecraft:leave_game":4,"minecraft:climb_one_cm":2817,"minecraft:sprint_one_cm":470983,"minecraft:walk_one_cm":247241,"minecraft:drop":53,"minecraft:talked_to_villager":2,"minecraft:play_time":160115,"minecraft:deaths":1,"minecraft:sneak_time":1421,"minecraft:walk_under_water_one_cm":18934,"minecraft:jump":2715,"minecraft:walk_on_water_one_cm":10532,"minecraft:total_world_time":160115,"minecraft:interact_with_furnace":42,"minecraft:sleep_in_bed":5,"minecraft:time_since_rest":15867,"minecraft:damage_taken":1266,"minecraft:damage_dealt":6779,"minecraft:swim_one_cm":58311,"minecraft:fly_one_cm":658428,"minecraft:player_kills":1,"minecraft:open_chest":71,"minecraft:crouch_one_cm":3812,"minecraft:fall_one_cm":79851},"minecraft:killed":{"minecraft:skeleton":1,"minecraft:pig":13,"cobblemon:pokemon":6,"minecraft:creeper":2,"minecraft:sheep":11,"minecraft:zombie":5,"minecraft:player":1,"minecraft:cow":18},"minecraft:killed_by":{"minecraft:player":1},"minecraft:dropped":{"minecraft:dark_oak_stairs":1,"minecraft:wheat_seeds":3,"minecraft:dark_oak_sapling":12,"minecraft:cobblestone":1,"cobblemon:verdant_ball":1,"croptopia:soybean_seed":2,"minecraft:spruce_stairs":4,"cobblemon:roseate_ball":1,"minecraft:dirt":9,"minecraft:torch":1,"cobblemon:poke_ball":4,"minecraft:wooden_axe":1,"croptopia:pepper":2,"croptopia:barley_seed":1,"cobblemon:great_ball":2,"croptopia:mustard_seed":1,"minecraft:spruce_sapling":2,"croptopia:oat":1,"minecraft:player_head":1,"minecraft:stone_sword":2,"croptopia:blackberry_seed":6,"cobblemon:cheri_berry":7,"croptopia:oat_seed":2,"minecraft:chicken":2,"minecraft:rotten_flesh":4,"minecraft:cooked_mutton":1,"minecraft:white_terracotta":1,"minecraft:spruce_planks":2,"minecraft:andesite":1,"minecraft:stone_brick_wall":1,"minecraft:wooden_pickaxe":2,"minecraft:stone_pickaxe":1,"croptopia:pepper_seed":4,"minecraft:calcite":4,"croptopia:barley":1},"minecraft:picked_up":{"minecraft:crafting_table":3,"minecraft:coarse_dirt":1,"minecraft:chicken":4,"cobblemon:yellow_apricorn":15,"cobblemon:red_apricorn":45,"minecraft:wooden_pickaxe":1,"minecraft:stone_brick_wall":1,"minecraft:raw_copper":43,"minecraft:cobbled_deepslate":25,"cobblemon:green_apricorn":16,"minecraft:spruce_planks":4,"minecraft:beef":39,"croptopia:pepper_seed":4,"minecraft:player_head":2,"minecraft:calcite":4,"croptopia:mustard_seed":1,"minecraft:sugar_cane":16,"cobblemon:green_apricorn_seed":1,"minecraft:furnace":1,"minecraft:egg":1,"minecraft:dark_oak_sapling":12,"minecraft:raw_iron":3,"cobblemon:apricorn_log":2,"croptopia:barley_seed":1,"croptopia:soybean_seed":2,"minecraft:torch":12,"croptopia:blackberry_seed":6,"minecraft:spruce_stairs":4,"minecraft:porkchop":25,"minecraft:rabbit_foot":1,"minecraft:stone_sword":1,"minecraft:rotten_flesh":4,"minecraft:stone_shovel":1,"cobblemon:black_augurite":1,"croptopia:pepper":2,"minecraft:white_terracotta":1,"minecraft:mutton":51,"cobblemon:blue_apricorn":24,"minecraft:white_wool":25,"minecraft:cobblestone":29,"minecraft:andesite":1,"minecraft:leather":20,"cobblemon:kebia_berry":5,"minecraft:acacia_wood":66,"cobblemon:razz_berry":12,"minecraft:tuff":3,"croptopia:walnut":42,"minecraft:gunpowder":2,"minecraft:lantern":2,"minecraft:dirt":62,"cobblemon:pink_apricorn_seed":1,"minecraft:glass":18,"croptopia:barley":1,"minecraft:apple":4,"minecraft:wheat_seeds":4,"minecraft:raw_gold":6,"minecraft:rabbit":1,"twigs:twig":23,"minecraft:acacia_sapling":14,"minecraft:dark_oak_stairs":1,"cobblemon:red_apricorn_seed":9,"croptopia:blackberry":1,"cobblemon:blue_apricorn_seed":1,"cobblemon:cheri_berry":12,"cobblemon:yellow_apricorn_seed":3,"minecraft:blast_furnace":4,"minecraft:spruce_sapling":2,"croptopia:oat":1,"cobblemon:pink_apricorn":16,"cobblemon:aspear_berry":28,"minecraft:dark_oak_log":25,"cobblemon:healing_machine":1,"croptopia:oat_seed":2,"croptopia:orange":1,"cobblemon:chesto_berry":24,"minecraft:coal":37},"minecraft:mined":{"cobblemon:healing_machine":1,"minecraft:large_amethyst_bud":1,"croptopia:pepper_crop":1,"minecraft:tuff":3,"minecraft:spruce_planks":2,"croptopia:orange_crop":1,"croptopia:strawberry_crop":1,"minecraft:dark_oak_log":31,"cobblemon:apricorn_log":2,"minecraft:grass_block":49,"minecraft:stone_brick_wall":1,"cobblemon:red_apricorn_sapling":4,"croptopia:barley_crop":1,"minecraft:furnace":1,"minecraft:cobbled_deepslate":1,"minecraft:iron_ore":3,"croptopia:corn_crop":1,"minecraft:acacia_wood":67,"minecraft:andesite":1,"croptopia:blueberry_crop":1,"minecraft:dark_oak_stairs":1,"croptopia:apple_crop":3,"minecraft:lantern":2,"minecraft:stone":26,"minecraft:player_head":1,"minecraft:crafting_table":3,"minecraft:torch":7,"cobblemon:apricorn_leaves":3,"croptopia:oat_crop":1,"minecraft:blast_furnace":4,"minecraft:calcite":6,"minecraft:tall_grass":19,"minecraft:copper_ore":13,"minecraft:cobblestone":1,"minecraft:deepslate_gold_ore":6,"minecraft:sugar_cane":5,"minecraft:wall_torch":5,"cobblemon:yellow_apricorn_sapling":2,"minecraft:white_terracotta":1,"croptopia:walnut_crop":2,"minecraft:coarse_dirt":1,"minecraft:grass":62,"minecraft:coal_ore":20,"croptopia:blackberry_crop":1,"minecraft:dirt":4,"minecraft:deepslate":46,"minecraft:fern":2}},"DataVersion":3465}