{"stats":{"minecraft:killed":{"minecraft:spider":1,"minecraft:skeleton":5,"minecraft:illusioner":1,"minecraft:pig":13,"minecraft:creeper":3,"minecraft:sheep":11,"minecraft:pillager":2,"minecraft:zombie":12,"minecraft:cow":18,"rctmod:trainer":2,"minecraft:husk":1,"cobblemon:pokemon":11,"minecraft:player":1},"minecraft:killed_by":{"minecraft:zombie_villager":2,"minecraft:creeper":1,"minecraft:player":1},"minecraft:mined":{"minecraft:large_amethyst_bud":1,"croptopia:pepper_crop":2,"minecraft:spruce_planks":7,"croptopia:strawberry_crop":1,"minecraft:cobblestone_stairs":1,"croptopia:mustard_crop":1,"cobblemon:apricorn_log":2,"megamons:crystal_shiny_stone_ore":1,"minecraft:grass_block":52,"minecraft:stone_brick_wall":2,"megamons:crystal_dusk_stone_ore":1,"minecraft:spawner":1,"minecraft:cobbled_deepslate":10,"minecraft:iron_ore":20,"minecraft:fire":3,"minecraft:dark_oak_stairs":1,"croptopia:apple_crop":3,"megamons:crystal_ice_stone_ore":1,"cobblemon:deepslate_fire_stone_ore":2,"minecraft:player_head":1,"croptopia:starfruit_crop":1,"megamons:anistarite_geode_block":14,"minecraft:smoker":3,"minecraft:powder_snow":4,"cobblemon:apricorn_leaves":3,"minecraft:torch":8,"croptopia:oat_crop":1,"minecraft:blast_furnace":4,"minecraft:calcite":6,"minecraft:cobblestone":1,"minecraft:sugar_cane":5,"minecraft:wall_torch":6,"minecraft:pink_petals":1,"minecraft:seagrass":1,"minecraft:white_terracotta":1,"minecraft:wheat":2,"minecraft:grass":195,"minecraft:dirt":4,"minecraft:smooth_basalt":2,"minecraft:oak_leaves":12,"minecraft:deepslate":54,"cobblemon:healing_machine":24,"croptopia:cucumber_crop":1,"minecraft:tuff":3,"croptopia:orange_crop":1,"minecraft:deepslate_diamond_ore":1,"minecraft:dark_oak_log":31,"minecraft:spruce_leaves":12,"cobblemon:red_apricorn_sapling":4,"croptopia:barley_crop":2,"minecraft:furnace":1,"croptopia:corn_crop":1,"minecraft:acacia_wood":67,"croptopia:soybean_crop":1,"croptopia:blueberry_crop":1,"minecraft:andesite":1,"minecraft:gold_block":1,"minecraft:deepslate_iron_ore":3,"minecraft:lantern":2,"minecraft:stone":34,"megamons:crystal_thunder_stone_ore":1,"megamons:anistarite_rough_geode_block":2,"croptopia:sweetpotato_crop":1,"minecraft:crafting_table":3,"minecraft:emerald_ore":1,"minecraft:stone_slab":1,"minecraft:tall_grass":66,"minecraft:copper_ore":13,"minecraft:deepslate_gold_ore":9,"minecraft:green_stained_glass_pane":2,"cobblemon:yellow_apricorn_sapling":2,"croptopia:walnut_crop":2,"minecraft:coarse_dirt":1,"croptopia:tomato_crop":1,"megamons:crystal_dawn_stone_ore":2,"minecraft:coal_ore":20,"megamons:crystal_sun_stone_ore":1,"croptopia:blackberry_crop":1,"minecraft:fern":4},"minecraft:custom":{"minecraft:interact_with_crafting_table":32,"minecraft:open_barrel":9,"minecraft:eat_cake_slice":5,"minecraft:leave_game":11,"minecraft:time_since_death":1552,"minecraft:sprint_one_cm":1104282,"minecraft:drop":149,"minecraft:talked_to_villager":2,"minecraft:play_time":404939,"minecraft:deaths":4,"minecraft:jump":6570,"minecraft:walk_on_water_one_cm":18194,"minecraft:interact_with_furnace":49,"minecraft:sleep_in_bed":8,"minecraft:damage_dealt":12610,"minecraft:player_kills":1,"minecraft:crouch_one_cm":12123,"minecraft:interact_with_smoker":16,"minecraft:mob_kills":87,"minecraft:climb_one_cm":3737,"minecraft:walk_one_cm":543502,"minecraft:sneak_time":5521,"minecraft:walk_under_water_one_cm":24288,"minecraft:interact_with_blast_furnace":10,"minecraft:total_world_time":404939,"minecraft:time_since_rest":1582,"minecraft:damage_taken":4339,"minecraft:swim_one_cm":115136,"minecraft:fly_one_cm":1881169,"minecraft:open_chest":133,"minecraft:fall_one_cm":193906},"minecraft:crafted":{"minecraft:cooked_mutton":37,"minecraft:chest":4,"minecraft:cooked_porkchop":31,"minecraft:crafting_table":1,"cobblemon:verdant_ball":4,"minecraft:wooden_pickaxe":1,"minecraft:copper_ingot":43,"cobblemon:poke_ball":60,"cobblemon:quick_ball":12,"minecraft:stick":32,"minecraft:iron_ingot":25,"minecraft:stone_sword":1,"minecraft:gold_ingot":3,"minecraft:furnace":1,"minecraft:glass_pane":16,"mcwtrpdoors:acacia_glass_trapdoor":12,"minecraft:iron_axe":1,"minecraft:stone_pickaxe":1,"minecraft:dark_oak_planks":28,"cobblemon:citrine_ball":4,"minecraft:cooked_beef":53,"cobblemon:roseate_ball":4,"minecraft:stone_axe":1,"minecraft:air":0,"minecraft:wooden_axe":1,"minecraft:white_bed":1,"minecraft:acacia_planks":68,"minecraft:torch":8,"cobblemon:great_ball":40},"minecraft:dropped":{"minecraft:iron_sword":1,"minecraft:dark_oak_stairs":1,"cobblemon:sun_stone":1,"minecraft:dark_oak_sapling":12,"minecraft:cooked_porkchop":27,"cobblemon:thunder_stone":1,"cobblemon:verdant_ball":1,"rctmod:trainer_card":1,"minecraft:cobblestone_stairs":2,"minecraft:flint":2,"croptopia:tomato_seed":2,"minecraft:dirt":9,"minecraft:cornflower":1,"cobblemon:poke_ball":32,"croptopia:pepper":3,"croptopia:barley_seed":2,"minecraft:iron_pickaxe":1,"cobblemon:great_ball":20,"croptopia:mustard_seed":3,"minecraft:bone":2,"minecraft:stone_axe":2,"minecraft:wheat":8,"croptopia:oat_seed":2,"cobblemon:cheri_berry":18,"minecraft:rotten_flesh":11,"universal_graves:grave_compass":3,"minecraft:cooked_mutton":1,"cobblemon:white_apricorn_seed":1,"minecraft:gunpowder":4,"minecraft:stone_brick_wall":1,"minecraft:arrow":5,"croptopia:barley":1,"croptopia:mustard":1,"minecraft:wheat_seeds":42,"cobblemon:green_apricorn_seed":1,"minecraft:feather":4,"minecraft:cobblestone":4,"cobblemon:yellow_apricorn_seed":2,"croptopia:soybean_seed":2,"cobblemon:roseate_ball":1,"minecraft:spruce_stairs":4,"minecraft:pearlescent_froglight":2,"minecraft:torch":3,"minecraft:wooden_axe":1,"croptopia:tomato":1,"minecraft:rabbit":2,"minecraft:string":3,"minecraft:pink_petals":4,"minecraft:spruce_sapling":2,"minecraft:smooth_basalt":2,"croptopia:oat":1,"cobblemon:wepear_berry":1,"minecraft:player_head":1,"minecraft:stone_sword":2,"croptopia:blackberry_seed":6,"minecraft:chicken":7,"cobblemon:quick_ball":6,"minecraft:stone_slab":1,"megamons:anistarite_geode_block":12,"minecraft:white_terracotta":1,"minecraft:skeleton_spawn_egg":1,"minecraft:potato":1,"minecraft:spruce_planks":2,"cobblemon:healing_machine":1,"minecraft:andesite":1,"cobblemon:magnet":1,"minecraft:spider_eye":2,"minecraft:stone_pickaxe":1,"minecraft:wooden_pickaxe":2,"croptopia:pepper_seed":6,"minecraft:calcite":4},"minecraft:picked_up":{"minecraft:wheat":8,"cobblemon:magnet":1,"minecraft:stone_slab":1,"cobblemon:red_apricorn":80,"cobblemon:wepear_berry":1,"minecraft:string":3,"minecraft:raw_copper":43,"universal_graves:grave_compass":1,"minecraft:cobbled_deepslate":38,"cobblemon:white_apricorn_seed":2,"minecraft:spruce_planks":9,"cobblemon:oran_berry":28,"minecraft:calcite":4,"croptopia:mustard_seed":3,"minecraft:furnace":1,"cobblemon:apricorn_log":2,"croptopia:barley_seed":2,"minecraft:torch":16,"croptopia:blackberry_seed":6,"minecraft:spruce_stairs":4,"minecraft:porkchop":25,"minecraft:rabbit_foot":1,"minecraft:stone_sword":1,"minecraft:rotten_flesh":17,"minecraft:white_terracotta":1,"minecraft:cobblestone":33,"minecraft:pink_petals":4,"minecraft:feather":4,"minecraft:andesite":1,"minecraft:smoker":3,"minecraft:potato":1,"cobblemon:razz_berry":12,"minecraft:flint":2,"minecraft:tuff":3,"croptopia:walnut":42,"minecraft:lantern":2,"megamons:anistarite_geode_block":16,"minecraft:dirt":65,"minecraft:glass":18,"minecraft:bone":2,"cobblemon:black_apricorn":8,"minecraft:wheat_seeds":66,"minecraft:raw_gold":9,"cobblemon:quick_powder":1,"cobblemon:thunder_stone":2,"minecraft:rabbit":3,"twigs:twig":23,"cobblemon:sun_stone":2,"croptopia:mustard":1,"croptopia:blackberry":1,"cobblemon:fire_stone":2,"cobblemon:shiny_stone":1,"cobblemon:persim_berry":7,"croptopia:oat":1,"cobblemon:aspear_berry":37,"minecraft:dark_oak_log":25,"megamons:anistarite_rough_geode_block":1,"cobblemon:healing_machine":24,"minecraft:diamond":1,"cobblemon:poke_ball":2,"cobblemon:ice_stone":1,"minecraft:emerald":1,"cobblemon:chesto_berry":30,"minecraft:coarse_dirt":1,"minecraft:crafting_table":3,"minecraft:chicken":9,"cobblemon:yellow_apricorn":23,"minecraft:wooden_pickaxe":1,"minecraft:gold_block":1,"minecraft:stone_brick_wall":2,"minecraft:cornflower":1,"cobblemon:mystic_water":1,"cobblemon:white_apricorn":13,"croptopia:soybean":1,"cobblemon:green_apricorn":31,"croptopia:tomato_seed":2,"minecraft:beef":39,"croptopia:pepper_seed":6,"minecraft:player_head":2,"cobblemon:dusk_stone":1,"minecraft:sugar_cane":16,"cobblemon:green_apricorn_seed":2,"cobblemon:chople_berry":1,"minecraft:egg":2,"minecraft:dark_oak_sapling":12,"minecraft:raw_iron":23,"croptopia:soybean_seed":3,"cobblemon:dawn_stone":2,"minecraft:arrow":5,"minecraft:stone_shovel":1,"cobblemon:black_augurite":1,"croptopia:pepper":3,"minecraft:mutton":51,"cobblemon:tanga_berry":1,"cobblemon:blue_apricorn":35,"minecraft:white_wool":25,"minecraft:leather":20,"cobblemon:kebia_berry":5,"minecraft:acacia_wood":66,"minecraft:gunpowder":6,"minecraft:cobblestone_stairs":2,"cobblemon:pink_apricorn_seed":1,"minecraft:white_banner":1,"minecraft:pearlescent_froglight":4,"croptopia:barley":1,"minecraft:apple":4,"minecraft:iron_ingot":1,"croptopia:tomato":1,"cobblemon:wacan_berry":11,"minecraft:iron_sword":1,"minecraft:acacia_sapling":14,"minecraft:dark_oak_stairs":1,"cobblemon:red_apricorn_seed":13,"minecraft:smooth_basalt":2,"croptopia:starfruit":1,"cobblemon:blue_apricorn_seed":1,"cobblemon:cheri_berry":41,"cobblemon:yellow_apricorn_seed":6,"minecraft:blast_furnace":4,"minecraft:spruce_sapling":2,"cobblemon:pink_apricorn":22,"minecraft:spider_eye":2,"croptopia:oat_seed":2,"minecraft:stone_axe":1,"croptopia:orange":1,"minecraft:dark_oak_wood":6,"minecraft:coal":37},"minecraft:used":{"megamons:anistarite_rough_geode_block":1,"minecraft:chest":4,"minecraft:iron_sword":164,"minecraft:player_head":1,"minecraft:tuff":3,"minecraft:obsidian":1,"minecraft:lantern":2,"minecraft:iron_helmet":1,"minecraft:furnace":2,"minecraft:egg":2,"minecraft:pearlescent_froglight":2,"minecraft:stone_pickaxe":60,"minecraft:wooden_pickaxe":5,"cobblemon:yellow_apricorn_seed":3,"minecraft:blast_furnace":4,"megamons:anistarite_geode_block":4,"minecraft:stone_brick_wall":1,"croptopia:orange":1,"cobblemon:green_apricorn_seed":2,"cobblemon:apricorn_log":2,"cobblemon:red_apricorn_seed":9,"mcwtrpdoors:acacia_glass_trapdoor":4,"minecraft:enchanting_table":1,"minecraft:stone_sword":89,"minecraft:flint_and_steel":3,"minecraft:stone_shovel":43,"croptopia:starfruit":1,"minecraft:spruce_planks":3,"minecraft:torch":19,"minecraft:dirt":14,"cobblemon:cheri_berry":5,"minecraft:wooden_axe":52,"minecraft:iron_axe":3,"cobblemon:pink_apricorn_seed":1,"minecraft:acacia_wood":49,"minecraft:cooked_beef":27,"minecraft:cobbled_deepslate":38,"minecraft:cooked_mutton":36,"minecraft:crafting_table":4,"minecraft:white_bed":1,"minecraft:smoker":3,"cobblemon:healing_machine":24,"minecraft:iron_pickaxe":184,"minecraft:stone_axe":97,"minecraft:cobblestone":9,"minecraft:white_banner":1,"minecraft:cooked_porkchop":4,"minecraft:pumpkin_pie":3,"cobblemon:blue_apricorn_seed":1}},"DataVersion":3465}