{"stats":{"minecraft:mined":{"minecraft:dark_oak_log":31,"minecraft:crafting_table":3,"croptopia:oat_crop":1,"minecraft:grass_block":7,"minecraft:copper_ore":13,"minecraft:tall_grass":1,"minecraft:sugar_cane":3,"minecraft:wall_torch":1,"croptopia:barley_crop":1,"minecraft:white_terracotta":1,"croptopia:walnut_crop":2,"minecraft:grass":30,"minecraft:coal_ore":15,"croptopia:apple_crop":3,"minecraft:dirt":4,"minecraft:stone":18,"minecraft:fern":2},"minecraft:custom":{"minecraft:interact_with_furnace":12,"minecraft:mob_kills":15,"minecraft:interact_with_crafting_table":10,"minecraft:leave_game":1,"minecraft:time_since_death":47757,"minecraft:climb_one_cm":57,"minecraft:time_since_rest":47757,"minecraft:sprint_one_cm":69655,"minecraft:damage_taken":115,"minecraft:walk_one_cm":62090,"minecraft:drop":12,"minecraft:damage_dealt":2118,"minecraft:fly_one_cm":110149,"minecraft:player_kills":1,"minecraft:crouch_one_cm":1201,"minecraft:play_time":47757,"minecraft:sneak_time":348,"minecraft:walk_under_water_one_cm":22,"minecraft:jump":507,"minecraft:walk_on_water_one_cm":629,"minecraft:total_world_time":47757,"minecraft:fall_one_cm":16471},"minecraft:used":{"minecraft:stone_sword":14,"minecraft:stone_pickaxe":44,"minecraft:wooden_pickaxe":5,"minecraft:torch":1,"minecraft:dirt":11,"minecraft:crafting_table":3,"minecraft:wooden_axe":52,"minecraft:stone_axe":3,"minecraft:cooked_porkchop":2},"minecraft:picked_up":{"minecraft:crafting_table":3,"cobblemon:yellow_apricorn":3,"minecraft:leather":5,"minecraft:wooden_pickaxe":1,"croptopia:walnut":42,"minecraft:dirt":11,"minecraft:raw_copper":43,"minecraft:apple":4,"croptopia:barley":1,"minecraft:wheat_seeds":3,"minecraft:beef":11,"twigs:twig":11,"minecraft:sugar_cane":11,"minecraft:egg":1,"minecraft:dark_oak_sapling":12,"croptopia:barley_seed":1,"minecraft:torch":1,"minecraft:porkchop":9,"cobblemon:yellow_apricorn_seed":1,"minecraft:spruce_sapling":2,"croptopia:oat":1,"minecraft:dark_oak_log":25,"croptopia:oat_seed":2,"minecraft:rotten_flesh":1,"minecraft:white_terracotta":1,"minecraft:mutton":3,"minecraft:coal":16,"minecraft:white_wool":3,"minecraft:cobblestone":20},"minecraft:crafted":{"minecraft:cooked_porkchop":8,"minecraft:crafting_table":1,"minecraft:wooden_pickaxe":1,"minecraft:stone_axe":1,"minecraft:cooked_mutton":1,"minecraft:air":0,"minecraft:stick":8,"minecraft:stone_pickaxe":1,"minecraft:wooden_axe":1,"minecraft:stone_sword":1,"minecraft:dark_oak_planks":12,"minecraft:torch":8},"minecraft:dropped":{"minecraft:wheat_seeds":3,"minecraft:cooked_mutton":1,"minecraft:white_terracotta":1,"minecraft:torch":1,"minecraft:wooden_axe":1,"croptopia:barley_seed":1,"minecraft:wooden_pickaxe":2,"croptopia:barley":1,"minecraft:spruce_sapling":2},"minecraft:killed":{"minecraft:pig":5,"cobblemon:pokemon":5,"minecraft:zombie":1,"minecraft:player":1,"minecraft:cow":4}},"DataVersion":3465}