{"stats":{"minecraft:crafted":{"minecraft:cooked_porkchop":8,"minecraft:crafting_table":1,"minecraft:wooden_pickaxe":1,"minecraft:stone_axe":1,"minecraft:cooked_mutton":1,"minecraft:air":0,"minecraft:stick":8,"minecraft:stone_pickaxe":1,"minecraft:wooden_axe":1,"minecraft:stone_sword":1,"minecraft:dark_oak_planks":12,"minecraft:torch":8},"minecraft:used":{"minecraft:stone_sword":15,"minecraft:stone_pickaxe":54,"minecraft:wooden_pickaxe":5,"minecraft:torch":3,"minecraft:dirt":11,"minecraft:crafting_table":3,"minecraft:wooden_axe":52,"minecraft:stone_axe":17,"minecraft:cobblestone":6,"minecraft:cooked_porkchop":4,"minecraft:pumpkin_pie":1,"minecraft:egg":1},"minecraft:custom":{"minecraft:interact_with_furnace":12,"minecraft:mob_kills":26,"minecraft:interact_with_crafting_table":10,"minecraft:open_barrel":2,"minecraft:leave_game":1,"minecraft:time_since_death":58509,"minecraft:climb_one_cm":57,"minecraft:time_since_rest":58509,"minecraft:sprint_one_cm":123967,"minecraft:damage_taken":195,"minecraft:walk_one_cm":84357,"minecraft:drop":18,"minecraft:damage_dealt":2998,"minecraft:swim_one_cm":11633,"minecraft:fly_one_cm":193692,"minecraft:player_kills":1,"minecraft:crouch_one_cm":1204,"minecraft:play_time":58509,"minecraft:sneak_time":369,"minecraft:walk_under_water_one_cm":345,"minecraft:jump":844,"minecraft:walk_on_water_one_cm":1401,"minecraft:total_world_time":58509,"minecraft:fall_one_cm":24068},"minecraft:killed":{"minecraft:pig":5,"cobblemon:pokemon":5,"minecraft:sheep":11,"minecraft:zombie":1,"minecraft:player":1,"minecraft:cow":4},"minecraft:dropped":{"croptopia:oat":1,"minecraft:wheat_seeds":3,"croptopia:blackberry_seed":6,"croptopia:oat_seed":2,"minecraft:cooked_mutton":1,"minecraft:white_terracotta":1,"minecraft:torch":1,"minecraft:wooden_axe":1,"croptopia:barley_seed":1,"minecraft:wooden_pickaxe":2,"croptopia:barley":1,"minecraft:spruce_sapling":2},"minecraft:picked_up":{"minecraft:crafting_table":3,"cobblemon:yellow_apricorn":3,"minecraft:leather":5,"cobblemon:kebia_berry":5,"minecraft:wooden_pickaxe":1,"cobblemon:razz_berry":12,"croptopia:walnut":42,"minecraft:dirt":11,"minecraft:raw_copper":43,"croptopia:barley":1,"minecraft:apple":4,"minecraft:wheat_seeds":3,"minecraft:spruce_planks":2,"minecraft:beef":11,"minecraft:calcite":4,"minecraft:player_head":1,"twigs:twig":11,"minecraft:sugar_cane":16,"minecraft:dark_oak_stairs":1,"minecraft:egg":1,"minecraft:dark_oak_sapling":12,"croptopia:barley_seed":1,"minecraft:torch":3,"croptopia:blackberry_seed":6,"croptopia:blackberry":1,"minecraft:porkchop":9,"cobblemon:yellow_apricorn_seed":1,"minecraft:spruce_sapling":2,"croptopia:oat":1,"minecraft:dark_oak_log":25,"croptopia:oat_seed":2,"minecraft:rotten_flesh":1,"croptopia:orange":1,"cobblemon:black_augurite":1,"minecraft:white_terracotta":1,"minecraft:mutton":34,"minecraft:coal":16,"minecraft:white_wool":22,"minecraft:cobblestone":22},"minecraft:mined":{"minecraft:spruce_planks":2,"croptopia:orange_crop":1,"croptopia:strawberry_crop":1,"minecraft:dark_oak_log":31,"minecraft:crafting_table":3,"minecraft:torch":2,"croptopia:oat_crop":1,"minecraft:grass_block":7,"minecraft:calcite":6,"minecraft:tall_grass":1,"minecraft:copper_ore":13,"minecraft:cobblestone":1,"minecraft:sugar_cane":5,"minecraft:wall_torch":1,"croptopia:barley_crop":1,"minecraft:white_terracotta":1,"croptopia:walnut_crop":2,"croptopia:blueberry_crop":1,"minecraft:dark_oak_stairs":1,"minecraft:grass":30,"minecraft:coal_ore":15,"croptopia:apple_crop":3,"croptopia:blackberry_crop":1,"minecraft:dirt":4,"minecraft:stone":19,"minecraft:player_head":1,"minecraft:fern":2}},"DataVersion":3465}