{"stats":{"minecraft:crafted":{"minecraft:black_dye":1,"minecraft:chainmail_helmet":12,"minecraft:blaze_powder":18,"minecraft:lever":2,"minecraft:diamond_shovel":6,"minecraft:bookshelf":49,"minecraft:cooked_mutton":4,"minecraft:shulker_box":6,"minecraft:glass":471,"minecraft:diamond_helmet":1,"minecraft:diamond_leggings":2,"minecraft:emerald":2878,"minecraft:cooked_porkchop":169,"minecraft:diamond_axe":1,"advancednetherite:netherite_iron_pickaxe":1,"minecraft:fletching_table":2,"minecraft:campfire":17,"comforts:sleeping_bag_black":1,"minecraft:cartography_table":1,"minecraft:compass":5,"minecraft:iron_pickaxe":5,"minecraft:iron_block":12,"minecraft:gold_ingot":113,"minecraft:netherite_ingot":4,"minecraft:packed_ice":6,"minecraft:golden_carrot":162,"minecraft:rabbit_stew":10,"minecraft:diamond_hoe":3,"comforts:sleeping_bag_white":1,"minecraft:lantern":53,"minecraft:ladder":3,"minecraft:ender_pearl":15,"minecraft:stone_pickaxe":13,"minecraft:diamond_boots":1,"minecraft:dark_oak_planks":12,"minecraft:chainmail_leggings":12,"minecraft:wheat":126,"minecraft:dripstone_block":36,"advancednetherite:netherite_iron_ingot":3,"minecraft:netherite_pickaxe":1,"minecraft:enchanting_table":1,"minecraft:glowstone":8,"minecraft:enchanted_book":76,"minecraft:golden_apple":1,"minecraft:gunpowder":64,"minecraft:chainmail_boots":3,"minecraft:black_glazed_terracotta":6,"minecraft:wooden_axe":2,"minecraft:iron_shovel":1,"minecraft:iron_leggings":11,"minecraft:white_bed":30,"minecraft:brick":150,"minecraft:oak_planks":764,"minecraft:barrel":3,"minecraft:cooked_chicken":10,"minecraft:stone":107,"minecraft:suspicious_stew":15,"minecraft:hopper":8,"minecraft:bow":19,"minecraft:iron_boots":1,"minecraft:chest":58,"minecraft:netherite_upgrade_smithing_template":10,"minecraft:chiseled_stone_bricks":64,"minecraft:rail":80,"minecraft:bricks":37,"minecraft:stone_hoe":12,"minecraft:ender_eye":18,"minecraft:oak_slab":12,"minecraft:item_frame":18,"minecraft:arrow":192,"minecraft:map":12,"minecraft:crafting_table":5,"minecraft:wooden_pickaxe":2,"minecraft:iron_helmet":1,"minecraft:light_gray_banner":7,"minecraft:birch_planks":16,"minecraft:apple":64,"minecraft:book":6,"minecraft:iron_chestplate":1,"minecraft:paper":207,"minecraft:diamond_pickaxe":2,"minecraft:emerald_block":61,"minecraft:shield":2,"minecraft:stick":232,"minecraft:iron_ingot":191,"minecraft:sponge":281,"minecraft:shears":2,"minecraft:cookie":216,"minecraft:oak_door":3,"minecraft:redstone":24,"minecraft:coal":1,"minecraft:fishing_rod":4,"minecraft:tripwire_hook":2,"minecraft:furnace":4,"minecraft:glass_pane":128,"minecraft:oak_trapdoor":12,"advancednetherite:netherite_gold_pickaxe":1,"minecraft:iron_axe":22,"minecraft:iron_hoe":1,"minecraft:filled_map":2,"minecraft:netherite_scrap":14,"moretotems:explosive_totem_of_undying":1,"minecraft:minecart":1,"minecraft:glistering_melon_slice":24,"advancednetherite:netherite_emerald_ingot":1,"minecraft:cooked_beef":9,"minecraft:diamond_sword":1,"advancednetherite:netherite_gold_ingot":2,"minecraft:iron_sword":1,"minecraft:bucket":1,"minecraft:stone_axe":13,"minecraft:bread":276,"minecraft:air":0,"minecraft:oak_boat":4,"minecraft:white_wool":564,"minecraft:anvil":4,"minecraft:pumpkin_pie":48,"minecraft:acacia_planks":108,"minecraft:torch":44,"advancednetherite:netherite_emerald_pickaxe":1,"minecraft:lapis_lazuli":12,"minecraft:diamond_chestplate":1,"minecraft:firework_rocket":171},"minecraft:custom":{"minecraft:interact_with_crafting_table":115,"minecraft:open_barrel":47,"goblintraders:trade_with_goblin":33,"minecraft:bell_ring":35,"minecraft:leave_game":18,"minecraft:time_since_death":37491,"minecraft:damage_blocked_by_shield":1582,"minecraft:play_time":1142443,"minecraft:deaths":6,"minecraft:jump":18996,"minecraft:enchant_item":21,"minecraft:interact_with_furnace":190,"minecraft:traded_with_villager":3579,"minecraft:sleep_in_bed":34,"minecraft:damage_dealt":71692,"minecraft:interact_with_smoker":2,"minecraft:horse_one_cm":14949,"minecraft:interact_with_smithing_table":6,"minecraft:interact_with_anvil":18,"minecraft:inspect_hopper":56,"minecraft:damage_dealt_absorbed":80,"minecraft:sneak_time":64068,"minecraft:interact_with_blast_furnace":33,"minecraft:total_world_time":1142443,"minecraft:interact_with_stonecutter":6,"minecraft:time_since_rest":37534,"minecraft:swim_one_cm":464725,"minecraft:fly_one_cm":5419963,"minecraft:open_chest":1046,"minecraft:fall_one_cm":534603,"minecraft:open_shulker_box":40,"minecraft:sprint_one_cm":2616249,"minecraft:drop":486,"minecraft:talked_to_villager":914,"minecraft:interact_with_brewingstand":3,"minecraft:walk_on_water_one_cm":258789,"minecraft:player_kills":1,"minecraft:crouch_one_cm":208481,"minecraft:mob_kills":468,"minecraft:climb_one_cm":34887,"minecraft:walk_one_cm":2145970,"minecraft:raid_win":3,"minecraft:walk_under_water_one_cm":425872,"minecraft:boat_one_cm":12243,"minecraft:raid_trigger":2,"minecraft:interact_with_grindstone":21,"minecraft:damage_taken":21377,"minecraft:damage_absorbed":144,"minecraft:aviate_one_cm":2463113},"minecraft:killed":{"minecraft:cave_spider":1,"minecraft:dolphin":1,"minecraft:shulker":25,"minecraft:skeleton":31,"minecraft:guardian":6,"minecraft:elder_guardian":1,"minecraft:iron_golem":6,"minecraft:ender_dragon":1,"minecraft:pillager":66,"minecraft:zombie":60,"minecraft:cow":7,"minecraft:evoker":14,"minecraft:vindicator":45,"minecraft:horse":3,"minecraft:ravager":13,"minecraft:enderman":20,"minecraft:zombified_piglin":1,"minecraft:witch":14,"minecraft:spider":13,"minecraft:piglin":1,"minecraft:pig":12,"minecraft:zombie_villager":4,"minecraft:creeper":19,"minecraft:sheep":8,"minecraft:trader_llama":2,"minecraft:blaze":21,"minecraft:vex":11,"minecraft:phantom":5,"minecraft:panda":1,"minecraft:drowned":6,"minecraft:bat":1,"minecraft:squid":1,"minecraft:wither_skeleton":1,"minecraft:villager":3},"minecraft:mined":{"minecraft:red_shulker_box":2,"minecraft:white_bed":22,"minecraft:obsidian":5,"minecraft:granite":95,"minecraft:acacia_log":49,"minecraft:purpur_slab":4,"minecraft:hopper":9,"minecraft:spawner":2,"minecraft:weeping_vines_plant":1,"minecraft:tall_seagrass":15,"minecraft:magma_block":86,"minecraft:cobbled_deepslate":12,"minecraft:fire":187,"minecraft:barrel":10,"minecraft:fletching_table":3,"minecraft:deepslate_lapis_ore":19,"minecraft:enchanting_table":2,"minecraft:dirt_path":38,"minecraft:oak_stairs":10,"minecraft:tripwire":2,"minecraft:kelp_plant":78,"minecraft:smoker":2,"minecraft:crimson_nylium":1,"minecraft:torch":320,"minecraft:blast_furnace":8,"minecraft:glass":17,"minecraft:sugar_cane":901,"minecraft:damaged_anvil":2,"minecraft:amethyst_block":30,"minecraft:smooth_basalt":55,"minecraft:stonecutter":7,"minecraft:piston":1,"minecraft:deepslate":288,"minecraft:dark_prismarine":5,"minecraft:mossy_cobblestone":2,"minecraft:shulker_box":17,"minecraft:end_stone":156,"minecraft:nether_bricks":117,"minecraft:cartography_table":4,"minecraft:kelp":19,"minecraft:acacia_trapdoor":6,"minecraft:andesite":123,"minecraft:rail":216,"minecraft:smithing_table":4,"minecraft:oak_slab":22,"minecraft:glass_pane":3,"minecraft:short_grass":101,"minecraft:sponge":49,"minecraft:warped_roots":2,"minecraft:campfire":1,"minecraft:lightning_rod":2,"minecraft:purpur_pillar":20,"minecraft:tall_grass":32,"minecraft:copper_ore":5,"minecraft:deepslate_gold_ore":46,"minecraft:diorite":217,"minecraft:cobblestone_wall":1,"minecraft:gravel":255,"minecraft:cobweb":9,"minecraft:acacia_planks":1,"minecraft:stone_bricks":20,"minecraft:gold_ore":24,"minecraft:andesite_stairs":2,"minecraft:cobblestone_stairs":1,"minecraft:brewing_stand":1,"minecraft:budding_amethyst":1,"minecraft:grass_block":597,"minecraft:frosted_ice":1,"minecraft:composter":6,"minecraft:glowstone":2,"minecraft:iron_ore":142,"minecraft:anvil":1,"minecraft:end_stone_bricks":6,"minecraft:blackstone":12,"minecraft:purpur_stairs":5,"minecraft:clay":11,"minecraft:calcite":71,"minecraft:chest":4,"minecraft:nether_quartz_ore":40,"minecraft:cobblestone":34,"minecraft:potted_acacia_sapling":1,"minecraft:grindstone":17,"minecraft:prismarine":3,"minecraft:oak_planks":140,"minecraft:iron_door":1,"minecraft:wall_torch":15,"minecraft:seagrass":34,"minecraft:stone_stairs":7,"minecraft:warped_nylium":5,"minecraft:nether_wart_block":1,"minecraft:birch_log":2,"minecraft:tnt":1,"minecraft:purpur_block":5,"minecraft:oak_log":291,"minecraft:sand":7599,"minecraft:dirt":1007,"minecraft:netherrack":3708,"minecraft:ancient_debris":16,"minecraft:oak_leaves":46,"minecraft:nether_gold_ore":12,"minecraft:tuff":186,"minecraft:dark_oak_leaves":1,"minecraft:deepslate_diamond_ore":26,"minecraft:oak_door":5,"minecraft:glow_lichen":1,"minecraft:lever":1,"minecraft:ladder":4,"minecraft:sandstone":93,"minecraft:hay_block":14,"minecraft:oak_trapdoor":16,"minecraft:furnace":14,"minecraft:gold_block":8,"minecraft:bell":2,"minecraft:nether_brick_fence":28,"minecraft:bookshelf":32,"minecraft:deepslate_iron_ore":38,"minecraft:shroomlight":3,"minecraft:stripped_oak_log":1,"minecraft:packed_ice":6,"minecraft:wet_sponge":447,"minecraft:chorus_plant":1,"minecraft:stone":1670,"minecraft:acacia_leaves":2,"minecraft:magenta_stained_glass":4,"minecraft:infested_stone_bricks":1,"minecraft:basalt":82,"minecraft:oak_fence":28,"minecraft:crafting_table":18,"minecraft:andesite_slab":3,"minecraft:lectern":52,"minecraft:stone_slab":3,"minecraft:lapis_ore":19,"mcwbridges:iron_bridge":10,"minecraft:yellow_bed":7,"minecraft:coal_ore":85,"minecraft:mossy_stone_bricks":8},"minecraft:killed_by":{"minecraft:vex":2,"minecraft:ender_dragon":1,"minecraft:skeleton":1},"minecraft:dropped":{"minecraft:clay":4,"minecraft:piston":1,"minecraft:cooked_beef":1,"minecraft:glass_bottle":1,"minecraft:crossbow":2,"minecraft:cookie":216,"minecraft:warped_roots":2,"minecraft:red_mushroom":3,"minecraft:dirt":63,"minecraft:red_shulker_box":1,"minecraft:writable_book":1,"minecraft:bone_meal":1,"minecraft:sand":871,"minecraft:iron_pickaxe":2,"minecraft:fishing_rod":3,"minecraft:bone":5,"minecraft:compass":6,"minecraft:stone_axe":26,"minecraft:sugar_cane":1,"minecraft:lever":1,"minecraft:rotten_flesh":40,"minecraft:salmon":7,"minecraft:jungle_stairs":64,"minecraft:leather_leggings":1,"minecraft:glass":1,"minecraft:campfire":2,"minecraft:lectern":1,"minecraft:egg":1,"minecraft:enchanted_book":2,"minecraft:wheat_seeds":28,"minecraft:oak_fence":1,"minecraft:purpur_slab":1,"minecraft:iron_helmet":1,"minecraft:prismarine_crystals":3,"minecraft:book":8,"minecraft:granite":21,"minecraft:chainmail_helmet":24,"minecraft:coal":6,"minecraft:golden_carrot":39,"minecraft:sponge":85,"minecraft:wooden_axe":3,"minecraft:oak_stairs":1,"minecraft:white_banner":1,"minecraft:chainmail_leggings":25,"minecraft:string":783,"minecraft:cobblestone_wall":1,"minecraft:diamond_hoe":3,"minecraft:stone_shovel":3,"minecraft:clay_ball":48,"minecraft:suspicious_stew":15,"minecraft:diamond_pickaxe":2,"minecraft:spider_eye":3,"minecraft:bamboo":2,"minecraft:rabbit_stew":10,"minecraft:sandstone":2,"minecraft:bow":17,"minecraft:magma_block":3,"minecraft:dark_prismarine":3,"minecraft:brown_mushroom":1,"minecraft:lantern":29,"minecraft:cod":22,"minecraft:flint":11,"minecraft:cornflower":2,"minecraft:light_gray_banner":7,"minecraft:pumpkin_pie":1,"minecraft:wet_sponge":2,"minecraft:glistering_melon_slice":48,"advancednetherite:netherite_iron_pickaxe":1,"minecraft:gravel":166,"minecraft:diamond_shovel":3,"minecraft:cooked_mutton":1,"minecraft:carrot":5,"minecraft:poppy":3,"minecraft:leather_chestplate":1,"minecraft:gunpowder":2,"minecraft:chainmail_boots":6,"minecraft:basalt":11,"minecraft:arrow":1,"minecraft:netherrack":12,"minecraft:firework_rocket":58,"minecraft:stone_hoe":24,"minecraft:bread":285,"minecraft:oak_slab":1,"minecraft:prismarine_shard":6,"minecraft:golden_axe":2,"minecraft:stick":4,"minecraft:diorite":73,"minecraft:torch":6,"minecraft:map":12,"minecraft:iron_leggings":8,"minecraft:green_carpet":2,"minecraft:iron_axe":30,"minecraft:dandelion":4,"minecraft:redstone":2,"minecraft:kelp":96,"minecraft:warped_nylium":4,"minecraft:oak_trapdoor":1,"minecraft:iron_hoe":1,"minecraft:ender_eye":1,"minecraft:totem_of_undying":1,"minecraft:filled_map":1,"minecraft:andesite":26,"minecraft:oak_sapling":1,"minecraft:diamond_boots":1,"minecraft:stone_pickaxe":14,"minecraft:wooden_pickaxe":4},"minecraft:used":{"minecraft:writable_book":1,"minecraft:ladder":4,"minecraft:elytra":19,"minecraft:chest":46,"minecraft:rotten_flesh":1,"minecraft:packed_ice":6,"minecraft:wet_sponge":7,"advancednetherite:netherite_emerald_pickaxe":2889,"minecraft:bow":636,"minecraft:furnace":14,"minecraft:oak_sapling":2,"minecraft:egg":4,"minecraft:diorite":9,"minecraft:damaged_anvil":2,"minecraft:end_stone_bricks":2,"minecraft:acacia_trapdoor":3,"minecraft:wooden_pickaxe":27,"minecraft:composter":3,"minecraft:purpur_pillar":17,"minecraft:golden_apple":1,"minecraft:sand":2499,"minecraft:purpur_stairs":4,"minecraft:blast_furnace":8,"minecraft:lightning_rod":2,"minecraft:lectern":51,"minecraft:diamond_sword":956,"minecraft:smithing_table":5,"minecraft:oak_boat":12,"minecraft:oak_trapdoor":21,"minecraft:enchanting_table":3,"minecraft:netherrack":341,"minecraft:torch":210,"minecraft:dragon_egg":2,"minecraft:brewing_stand":1,"minecraft:anvil":5,"minecraft:shroomlight":3,"minecraft:iron_axe":149,"minecraft:totem_of_undying":7,"minecraft:barrel":13,"minecraft:diamond_chestplate":16,"minecraft:basalt":49,"minecraft:tripwire_hook":2,"minecraft:glowstone":2,"minecraft:beef":2,"minecraft:goat_horn":21,"comforts:sleeping_bag_white":18,"minecraft:cobbled_deepslate":155,"minecraft:water_bucket":207,"minecraft:cartography_table":4,"minecraft:fletching_table":5,"minecraft:salmon":2,"minecraft:rail":216,"minecraft:oak_slab":22,"minecraft:tnt":128,"minecraft:crafting_table":21,"minecraft:white_bed":50,"minecraft:cod":8,"minecraft:dark_prismarine":1,"minecraft:ender_eye":26,"minecraft:diamond_pickaxe":2816,"minecraft:diamond_shovel":9698,"minecraft:iron_pickaxe":153,"minecraft:purpur_slab":3,"minecraft:cobblestone":170,"minecraft:potion":1,"minecraft:cooked_porkchop":98,"minecraft:diamond_leggings":2,"advancednetherite:netherite_iron_pickaxe":2018,"minecraft:iron_shovel":82,"minecraft:diamond_hoe":243,"minecraft:shield":11,"minecraft:iron_sword":41,"minecraft:iron_chestplate":1,"minecraft:nether_bricks":52,"minecraft:glass":1326,"minecraft:warped_nylium":1,"minecraft:stone_bricks":12,"minecraft:item_frame":24,"minecraft:diamond_boots":2,"minecraft:stone_pickaxe":136,"minecraft:oak_planks":106,"minecraft:ender_pearl":5,"minecraft:sandstone":46,"minecraft:sugar_cane":211,"minecraft:diamond_axe":617,"minecraft:crossbow":2,"minecraft:sponge":1108,"minecraft:end_stone":217,"minecraft:shears":2,"minecraft:lever":9,"minecraft:firework_rocket":88,"minecraft:dark_oak_log":4,"minecraft:bread":1,"minecraft:string":7,"minecraft:gravel":16,"minecraft:grindstone":17,"minecraft:andesite":1,"minecraft:experience_bottle":1,"minecraft:purpur_block":5,"minecraft:oak_door":7,"minecraft:dirt":1100,"minecraft:hopper":17,"minecraft:diamond_helmet":2,"minecraft:shulker_box":24,"minecraft:granite":3,"minecraft:iron_hoe":264,"minecraft:wooden_axe":24,"minecraft:bookshelf":43,"minecraft:iron_boots":1,"minecraft:golden_carrot":100,"minecraft:minecart":10,"minecraft:cooked_beef":11,"minecraft:cooked_mutton":11,"minecraft:cobblestone_stairs":1,"comforts:sleeping_bag_black":6,"minecraft:stonecutter":6,"minecraft:smoker":2,"minecraft:stone_axe":30,"minecraft:white_banner":1,"minecraft:bucket":206,"minecraft:yellow_bed":7,"minecraft:pumpkin_pie":48,"minecraft:splash_potion":4},"minecraft:picked_up":{"minecraft:wooden_axe":1,"minecraft:chainmail_boots":4,"minecraft:anvil":1,"minecraft:prismarine_shard":6,"minecraft:diamond_sword":4,"minecraft:smithing_table":5,"minecraft:lead":4,"minecraft:oak_stairs":3,"minecraft:enchanted_book":2,"minecraft:brewing_stand":1,"minecraft:string":24579,"minecraft:shroomlight":3,"minecraft:beetroot":17,"comforts:sleeping_bag_black":7,"minecraft:diamond_leggings":4,"minecraft:gold_nugget":64,"minecraft:cobbled_deepslate":318,"minecraft:composter":9,"minecraft:purpur_pillar":18,"minecraft:acacia_log":27,"minecraft:golden_axe":2,"minecraft:lightning_rod":2,"minecraft:golden_chestplate":1,"minecraft:glowstone":6,"minecraft:bookshelf":9,"minecraft:blaze_rod":7,"minecraft:sponge":48,"minecraft:birch_log":4,"minecraft:magma_block":55,"minecraft:cooked_beef":8,"minecraft:iron_door":1,"minecraft:water_bucket":3,"minecraft:smoker":2,"minecraft:flint":22,"minecraft:lantern":26,"minecraft:stonecutter":8,"minecraft:diamond_helmet":4,"minecraft:glowstone_dust":6,"minecraft:ink_sac":1,"minecraft:barrel":10,"minecraft:lever":8,"minecraft:granite":75,"minecraft:chainmail_helmet":13,"minecraft:bread":1,"minecraft:dark_oak_fence":2,"moretotems:explosive_totem_of_undying":2,"minecraft:diamond_pickaxe":2,"minecraft:crafting_table":18,"minecraft:clay_ball":48,"minecraft:leather_leggings":1,"minecraft:purpur_block":5,"advancednetherite:netherite_emerald_pickaxe":2,"minecraft:cornflower":2,"minecraft:elytra":2,"minecraft:netherite_scrap":2,"minecraft:compass":3,"minecraft:iron_shovel":2,"minecraft:cartography_table":5,"minecraft:beef":6,"minecraft:poppy":7,"minecraft:minecart":12,"minecraft:chest":2,"minecraft:piston":1,"minecraft:diamond_hoe":2,"minecraft:egg":7,"minecraft:sandstone":75,"minecraft:stone":11,"minecraft:oak_door":9,"minecraft:redstone":5,"minecraft:prismarine_crystals":3,"minecraft:tnt":40,"minecraft:stone_shovel":3,"minecraft:diamond_chestplate":4,"minecraft:cooked_cod":3,"minecraft:diamond_boots":4,"minecraft:hay_block":14,"minecraft:purpur_slab":4,"minecraft:totem_of_undying":19,"minecraft:gold_ingot":12,"minecraft:mutton":12,"minecraft:white_wool":67,"minecraft:rail":377,"minecraft:stripped_oak_log":1,"minecraft:red_mushroom":3,"minecraft:filled_map":1,"minecraft:purpur_stairs":5,"minecraft:oak_log":288,"minecraft:ancient_debris":16,"minecraft:white_banner":23,"minecraft:stone_bricks":19,"minecraft:apple":44,"minecraft:kelp":228,"minecraft:stone_pickaxe":8,"minecraft:iron_sword":1,"minecraft:gravel":230,"minecraft:dragon_egg":2,"minecraft:diamond_shovel":5,"minecraft:firework_rocket":141,"minecraft:stone_axe":16,"minecraft:diamond_axe":4,"minecraft:warped_roots":3,"minecraft:baked_potato":2,"minecraft:warped_nylium":9,"minecraft:hopper":9,"minecraft:ender_pearl":21,"minecraft:shulker_shell":16,"minecraft:nether_brick_fence":24,"minecraft:potion":3,"minecraft:raw_copper":23,"minecraft:iron_leggings":5,"minecraft:bucket":2,"comforts:sleeping_bag_white":20,"minecraft:eye_armor_trim_smithing_template":3,"minecraft:ender_eye":19,"minecraft:iron_pickaxe":3,"minecraft:furnace":14,"minecraft:iron_boots":1,"minecraft:tipped_arrow":1,"minecraft:stick":32,"minecraft:oak_fence":1,"minecraft:torch":339,"minecraft:porkchop":24,"minecraft:diorite":139,"minecraft:goat_horn":2,"minecraft:rotten_flesh":69,"minecraft:obsidian":5,"minecraft:cod":33,"minecraft:blaze_powder":1,"minecraft:cobblestone":1029,"minecraft:enchanting_table":2,"minecraft:leather_chestplate":1,"minecraft:andesite":38,"minecraft:tuff":72,"minecraft:lapis_lazuli":336,"minecraft:dirt":1775,"minecraft:name_tag":1,"minecraft:glass":293,"minecraft:bone":36,"minecraft:acacia_planks":1,"minecraft:bow":8,"minecraft:wheat_seeds":78,"minecraft:raw_gold":147,"minecraft:bell":4,"minecraft:grindstone":17,"minecraft:fletching_table":3,"minecraft:mossy_stone_bricks":4,"advancednetherite:netherite_iron_pickaxe":3,"minecraft:bamboo":2,"minecraft:prismarine":1,"minecraft:oak_planks":88,"minecraft:stone_hoe":12,"minecraft:cooked_porkchop":10,"minecraft:sand":6102,"minecraft:shulker_box":20,"minecraft:dark_prismarine":4,"minecraft:sugar":14,"minecraft:clay":4,"minecraft:diamond":41,"minecraft:crossbow":4,"minecraft:bone_meal":1,"minecraft:golden_apple":6,"minecraft:emerald":209,"minecraft:oak_sapling":29,"minecraft:netherrack":3205,"minecraft:chorus_fruit":32,"minecraft:end_stone_bricks":2,"minecraft:charcoal":2,"minecraft:splash_potion":1,"minecraft:ladder":4,"minecraft:brown_mushroom":18,"minecraft:wooden_pickaxe":2,"minecraft:gold_block":8,"minecraft:diamond_horse_armor":1,"minecraft:shield":1,"minecraft:oak_trapdoor":17,"minecraft:iron_axe":12,"minecraft:item_frame":6,"minecraft:oak_boat":15,"minecraft:lectern":52,"minecraft:sugar_cane":1073,"minecraft:phantom_membrane":1,"minecraft:raw_iron":331,"minecraft:end_stone":217,"minecraft:cookie":1,"minecraft:dark_oak_planks":32,"minecraft:arrow":65,"minecraft:red_shulker_box":1,"minecraft:pumpkin_pie":7,"minecraft:nether_bricks":108,"minecraft:saddle":13,"minecraft:glistering_melon_slice":24,"minecraft:wet_sponge":344,"minecraft:basalt":89,"minecraft:golden_carrot":48,"minecraft:salmon":14,"minecraft:leather":12,"mcwbridges:iron_bridge":8,"minecraft:mushroom_stew":3,"minecraft:yellow_bed":7,"minecraft:gunpowder":20,"minecraft:cobblestone_wall":1,"minecraft:cobblestone_stairs":1,"minecraft:cooked_mutton":9,"minecraft:red_carpet":6,"minecraft:acacia_trapdoor":3,"minecraft:iron_ingot":54,"minecraft:book":148,"minecraft:oak_slab":15,"minecraft:quartz":86,"minecraft:dandelion":10,"minecraft:blast_furnace":8,"minecraft:white_bed":20,"minecraft:green_carpet":2,"minecraft:spider_eye":24,"minecraft:campfire":1,"minecraft:chainmail_leggings":13,"minecraft:damaged_anvil":2,"minecraft:coal":291},"minecraft:broken":{"minecraft:bow":1,"minecraft:iron_hoe":1}},"DataVersion":3839}