{"stats":{"minecraft:crafted":{"minecraft:oak_planks":84,"minecraft:cooked_porkchop":17,"minecraft:dark_oak_boat":1,"minecraft:crafting_table":1,"minecraft:spruce_planks":180,"minecraft:wooden_pickaxe":1,"minecraft:cooked_chicken":8,"minecraft:furnace":1,"minecraft:stone_axe":1,"minecraft:cooked_mutton":1,"minecraft:air":0,"minecraft:dark_oak_door":3,"minecraft:glass":42,"minecraft:spruce_stairs":40,"minecraft:iron_axe":1,"minecraft:stick":24,"minecraft:iron_pickaxe":1,"minecraft:stone_pickaxe":1,"minecraft:wooden_axe":1,"minecraft:chest":2,"minecraft:iron_shovel":1,"minecraft:dark_oak_planks":60},"minecraft:used":{"minecraft:cooked_mutton":2,"minecraft:iron_shovel":92,"minecraft:stone_pickaxe":68,"minecraft:oak_planks":13,"croptopia:walnut":8,"minecraft:spruce_planks":121,"minecraft:chest":2,"minecraft:wooden_pickaxe":6,"minecraft:iron_sword":46,"minecraft:cooked_chicken":6,"minecraft:dirt":6,"minecraft:crafting_table":3,"minecraft:red_bed":2,"minecraft:spruce_stairs":41,"minecraft:dark_oak_door":3,"croptopia:orange":1,"minecraft:glass":30,"minecraft:dark_oak_planks":33,"minecraft:wooden_axe":22,"minecraft:iron_axe":56,"minecraft:stone_axe":71,"minecraft:dark_oak_boat":1,"minecraft:furnace":2,"minecraft:cooked_porkchop":6,"croptopia:strawberry":1,"cobblemon:blue_apricorn_seed":1},"minecraft:custom":{"minecraft:interact_with_furnace":31,"minecraft:mob_kills":46,"minecraft:interact_with_crafting_table":23,"minecraft:leave_game":6,"minecraft:time_since_death":62081,"minecraft:sleep_in_bed":4,"minecraft:time_since_rest":5478,"minecraft:sprint_one_cm":163221,"minecraft:damage_taken":985,"minecraft:walk_one_cm":149822,"minecraft:drop":25,"minecraft:damage_dealt":5205,"minecraft:swim_one_cm":3988,"minecraft:fly_one_cm":440434,"minecraft:open_chest":29,"minecraft:crouch_one_cm":5541,"minecraft:play_time":79265,"minecraft:deaths":1,"minecraft:sneak_time":1700,"minecraft:walk_under_water_one_cm":929,"minecraft:boat_one_cm":16512,"minecraft:jump":1784,"minecraft:walk_on_water_one_cm":2889,"minecraft:total_world_time":79265,"minecraft:fall_one_cm":66145},"minecraft:killed":{"minecraft:pig":8,"minecraft:spider":2,"minecraft:creeper":1,"minecraft:sheep":6,"minecraft:zombie":5,"minecraft:chicken":8,"minecraft:cow":15},"minecraft:killed_by":{"minecraft:player":1},"minecraft:dropped":{"croptopia:corn":1,"minecraft:stone_axe":1,"minecraft:wheat_seeds":19,"croptopia:corn_seed":1,"minecraft:andesite":2,"minecraft:oak_sapling":2,"croptopia:barley_seed":2,"croptopia:peach":19,"minecraft:stone_pickaxe":1,"croptopia:barley":2,"minecraft:white_wool":12},"minecraft:picked_up":{"minecraft:crafting_table":2,"minecraft:feather":10,"minecraft:chicken":9,"croptopia:peach":19,"minecraft:andesite":2,"minecraft:leather":18,"minecraft:dark_oak_boat":1,"minecraft:oak_log":21,"croptopia:walnut":8,"minecraft:string":2,"cobblemon:wepear_berry":5,"minecraft:dirt":42,"minecraft:red_bed":2,"minecraft:raw_copper":20,"minecraft:cooked_mutton":1,"twigs:opaline_seashell":1,"croptopia:corn":2,"croptopia:barley":4,"minecraft:apple":3,"minecraft:wheat_seeds":29,"minecraft:spruce_planks":5,"minecraft:beef":28,"cobblemon:oran_berry":3,"twigs:twig":5,"minecraft:sugar_cane":5,"minecraft:oak_planks":2,"minecraft:furnace":1,"minecraft:dark_oak_door":1,"minecraft:stick":1,"minecraft:raw_iron":15,"croptopia:corn_seed":2,"croptopia:barley_seed":2,"minecraft:torch":1,"minecraft:spruce_stairs":1,"minecraft:sand":49,"minecraft:porkchop":21,"minecraft:spruce_sapling":8,"minecraft:spruce_log":47,"minecraft:dark_oak_log":15,"croptopia:strawberry":1,"minecraft:dark_oak_planks":3,"minecraft:rotten_flesh":1,"croptopia:strawberry_seed":2,"croptopia:orange":11,"minecraft:oak_sapling":4,"minecraft:mutton":10,"minecraft:coal":24,"minecraft:white_wool":12,"minecraft:cobblestone":30},"minecraft:mined":{"minecraft:dark_oak_planks":3,"minecraft:spruce_planks":5,"croptopia:orange_crop":1,"minecraft:red_bed":2,"croptopia:strawberry_crop":1,"minecraft:dark_oak_log":9,"minecraft:crafting_table":2,"minecraft:grass_block":40,"minecraft:tall_grass":31,"minecraft:copper_ore":7,"minecraft:spruce_leaves":1,"minecraft:sugar_cane":2,"minecraft:oak_planks":2,"cobblemon:oran_berry":1,"minecraft:spruce_stairs":1,"croptopia:spinach_crop":1,"croptopia:barley_crop":1,"minecraft:furnace":1,"minecraft:dark_oak_door":1,"minecraft:iron_ore":15,"croptopia:corn_crop":1,"minecraft:spruce_log":49,"minecraft:andesite":2,"minecraft:grass":86,"minecraft:coal_ore":17,"minecraft:oak_log":21,"minecraft:dirt":2,"minecraft:sand":50,"minecraft:stone":32,"minecraft:oak_leaves":4,"twigs:opaline_seashell":1,"minecraft:fern":1}},"DataVersion":3465}