{"stats":{"minecraft:used":{"minecraft:iron_shovel":92,"minecraft:stone_shovel":47,"minecraft:spruce_slab":10,"minecraft:chest":2,"minecraft:spruce_planks":121,"minecraft:iron_sword":46,"minecraft:stone_hoe":66,"minecraft:cooked_chicken":8,"minecraft:torch":5,"minecraft:dirt":12,"minecraft:spruce_stairs":113,"cobblemon:cheri_berry":5,"minecraft:glass":30,"minecraft:wooden_axe":22,"minecraft:dark_oak_planks":33,"minecraft:iron_axe":123,"cobblemon:pc":1,"minecraft:dark_oak_boat":1,"minecraft:furnace":2,"croptopia:strawberry":1,"minecraft:potato":23,"minecraft:cooked_mutton":3,"minecraft:water_bucket":37,"minecraft:stone_pickaxe":68,"minecraft:oak_planks":13,"croptopia:walnut":8,"minecraft:wooden_pickaxe":6,"minecraft:crafting_table":3,"minecraft:red_bed":2,"minecraft:crossbow":1,"croptopia:orange":1,"minecraft:dark_oak_door":3,"minecraft:iron_pickaxe":61,"minecraft:stone_axe":71,"minecraft:cobblestone":3,"minecraft:cooked_porkchop":12,"minecraft:bucket":38,"cobblemon:blue_apricorn_seed":1},"minecraft:crafted":{"minecraft:smooth_stone":2,"minecraft:oak_planks":84,"minecraft:stone_shovel":1,"minecraft:dark_oak_boat":1,"minecraft:cooked_chicken":8,"minecraft:furnace":1,"minecraft:stone":2,"minecraft:cooked_mutton":9,"minecraft:dark_oak_door":3,"minecraft:glass":49,"minecraft:spruce_stairs":112,"minecraft:iron_axe":1,"minecraft:spruce_slab":12,"minecraft:stone_pickaxe":1,"minecraft:chest":2,"minecraft:dark_oak_planks":60,"minecraft:stone_hoe":1,"minecraft:cooked_porkchop":17,"minecraft:crafting_table":1,"minecraft:spruce_planks":396,"minecraft:wooden_pickaxe":1,"cobblemon:pc":1,"minecraft:bucket":1,"minecraft:stone_axe":1,"minecraft:air":0,"minecraft:iron_chestplate":1,"minecraft:charcoal":8,"minecraft:stick":24,"minecraft:iron_ingot":19,"minecraft:iron_pickaxe":1,"minecraft:wooden_axe":1,"minecraft:iron_shovel":1,"minecraft:torch":12},"minecraft:custom":{"minecraft:mob_kills":47,"minecraft:interact_with_crafting_table":37,"minecraft:leave_game":6,"minecraft:time_since_death":116081,"minecraft:sprint_one_cm":304176,"minecraft:walk_one_cm":248238,"minecraft:drop":38,"minecraft:play_time":133265,"minecraft:deaths":1,"minecraft:sneak_time":2308,"minecraft:walk_under_water_one_cm":3105,"minecraft:boat_one_cm":16512,"minecraft:jump":2585,"minecraft:walk_on_water_one_cm":5631,"minecraft:total_world_time":133265,"minecraft:interact_with_furnace":48,"minecraft:sleep_in_bed":4,"minecraft:time_since_rest":59478,"minecraft:damage_taken":1405,"minecraft:damage_dealt":5344,"minecraft:swim_one_cm":8985,"minecraft:fly_one_cm":651390,"minecraft:open_chest":63,"minecraft:crouch_one_cm":6710,"minecraft:fall_one_cm":99834,"minecraft:horse_one_cm":298},"minecraft:killed":{"minecraft:spider":2,"minecraft:chicken":8,"minecraft:pig":9,"minecraft:creeper":1,"minecraft:sheep":6,"minecraft:zombie":5,"minecraft:cow":15},"minecraft:killed_by":{"minecraft:player":1},"minecraft:dropped":{"minecraft:porkchop":1,"minecraft:wheat_seeds":19,"croptopia:soybean_seed":4,"minecraft:brown_wool":2,"croptopia:barley_seed":2,"croptopia:mustard_seed":1,"minecraft:white_wool":14,"croptopia:soybean":1,"croptopia:corn":1,"minecraft:stone_axe":1,"minecraft:stone_shovel":1,"cobblemon:cheri_berry":11,"minecraft:rotten_flesh":1,"croptopia:corn_seed":1,"minecraft:andesite":2,"minecraft:oak_sapling":2,"croptopia:peach":19,"minecraft:glass":18,"minecraft:stone_pickaxe":1,"croptopia:barley":2,"croptopia:mustard":1},"minecraft:picked_up":{"minecraft:crafting_table":2,"minecraft:chicken":10,"croptopia:peach":19,"cobblemon:yellow_apricorn":2,"cobblemon:red_apricorn":2,"cobblemon:wepear_berry":5,"minecraft:string":2,"minecraft:red_bed":2,"minecraft:raw_copper":20,"croptopia:soybean":2,"twigs:opaline_seashell":1,"minecraft:spruce_planks":7,"minecraft:beef":28,"cobblemon:oran_berry":11,"minecraft:spruce_slab":1,"croptopia:mustard_seed":1,"minecraft:sugar_cane":5,"minecraft:furnace":1,"minecraft:dark_oak_door":1,"minecraft:stick":1,"minecraft:raw_iron":17,"croptopia:corn_seed":2,"croptopia:barley_seed":2,"croptopia:soybean_seed":4,"minecraft:torch":1,"minecraft:spruce_stairs":7,"minecraft:porkchop":26,"croptopia:strawberry":1,"minecraft:dark_oak_planks":3,"minecraft:rotten_flesh":1,"croptopia:strawberry_seed":2,"minecraft:mutton":14,"cobblemon:verdant_ball":1,"minecraft:white_wool":19,"minecraft:cobblestone":71,"minecraft:feather":10,"cobblemon:great_ball":3,"minecraft:andesite":2,"minecraft:brown_wool":2,"minecraft:leather":19,"minecraft:dark_oak_boat":1,"cobblemon:roseate_ball":1,"minecraft:oak_log":21,"croptopia:walnut":8,"minecraft:dirt":102,"minecraft:cooked_mutton":1,"croptopia:corn":2,"minecraft:apple":3,"croptopia:barley":4,"minecraft:wheat_seeds":43,"twigs:twig":20,"minecraft:oak_planks":2,"croptopia:mustard":1,"cobblemon:cheri_berry":18,"minecraft:sand":49,"minecraft:spruce_sapling":30,"minecraft:spruce_log":99,"minecraft:dark_oak_log":15,"cobblemon:poke_ball":4,"croptopia:orange":11,"minecraft:oak_sapling":4,"minecraft:coal":38},"minecraft:mined":{"minecraft:dark_oak_planks":3,"minecraft:spruce_planks":7,"croptopia:orange_crop":1,"croptopia:strawberry_crop":1,"minecraft:dark_oak_log":9,"croptopia:mustard_crop":1,"minecraft:grass_block":91,"minecraft:spruce_leaves":7,"croptopia:barley_crop":1,"minecraft:furnace":1,"minecraft:iron_ore":17,"croptopia:corn_crop":1,"croptopia:soybean_crop":1,"minecraft:andesite":2,"minecraft:stone":75,"twigs:opaline_seashell":1,"minecraft:spruce_slab":1,"minecraft:red_bed":2,"minecraft:crafting_table":2,"minecraft:copper_ore":7,"minecraft:tall_grass":74,"minecraft:oak_planks":2,"minecraft:sugar_cane":2,"cobblemon:oran_berry":3,"croptopia:spinach_crop":1,"minecraft:spruce_stairs":7,"minecraft:dark_oak_door":1,"minecraft:spruce_log":102,"minecraft:grass":212,"minecraft:oak_log":21,"minecraft:coal_ore":31,"minecraft:sand":50,"minecraft:dirt":11,"minecraft:oak_leaves":4,"minecraft:fern":1}},"DataVersion":3465}