{"stats":{"minecraft:crafted":{"minecraft:oak_planks":764,"minecraft:blaze_powder":4,"minecraft:cooked_chicken":37,"minecraft:stone":404,"minecraft:diamond_shovel":1,"minecraft:bookshelf":61,"minecraft:shulker_box":3,"minecraft:cooked_mutton":31,"minecraft:warped_planks":24,"minecraft:glass":2142,"minecraft:diamond_helmet":4,"minecraft:bow":1,"minecraft:diamond_leggings":1,"minecraft:iron_boots":1,"minecraft:chest":12,"minecraft:rail":16,"minecraft:smoker":1,"minecraft:glass_bottle":6,"minecraft:oak_slab":18,"minecraft:emerald":984,"minecraft:arrow":76,"minecraft:cooked_porkchop":92,"minecraft:diamond_axe":3,"minecraft:crafting_table":4,"minecraft:acacia_slab":24,"minecraft:wooden_pickaxe":1,"minecraft:iron_helmet":1,"minecraft:brewing_stand":1,"minecraft:birch_planks":144,"minecraft:lectern":4,"minecraft:iron_chestplate":1,"minecraft:paper":200,"minecraft:diamond_pickaxe":1,"minecraft:yellow_dye":1,"minecraft:shield":1,"minecraft:stick":1572,"minecraft:iron_ingot":355,"minecraft:iron_pickaxe":1,"minecraft:iron_block":3,"minecraft:stone_sword":1,"minecraft:gold_ingot":61,"minecraft:sponge":137,"minecraft:experience_bottle":116,"minecraft:furnace":19,"minecraft:bone_meal":15,"minecraft:blue_shulker_box":1,"minecraft:flint_and_steel":1,"minecraft:oak_trapdoor":2,"minecraft:lantern":2,"minecraft:yellow_shulker_box":1,"minecraft:iron_axe":2,"minecraft:iron_hoe":2,"minecraft:red_shulker_box":1,"minecraft:ender_pearl":2,"minecraft:stone_pickaxe":1,"minecraft:diamond_boots":3,"minecraft:netherite_scrap":2,"minecraft:minecart":1,"minecraft:cooked_beef":32,"minecraft:sugar":19,"minecraft:coal_block":6,"minecraft:red_dye":1,"minecraft:diamond_sword":2,"minecraft:iron_sword":1,"minecraft:acacia_trapdoor":20,"minecraft:bucket":3,"minecraft:stone_axe":1,"minecraft:glowstone":5,"minecraft:enchanted_book":26,"minecraft:bread":7,"minecraft:air":0,"minecraft:blue_dye":1,"minecraft:oak_boat":4,"minecraft:golden_apple":12,"minecraft:fermented_spider_eye":2,"minecraft:iron_shovel":1,"minecraft:iron_leggings":1,"minecraft:anvil":1,"minecraft:white_bed":10,"minecraft:acacia_planks":180,"minecraft:torch":64,"minecraft:diamond_chestplate":3,"minecraft:firework_rocket":105},"minecraft:killed":{"minecraft:witch":3,"minecraft:spider":33,"minecraft:shulker":14,"minecraft:skeleton":53,"minecraft:chicken":60,"minecraft:turtle":4,"minecraft:piglin":3,"minecraft:pig":20,"minecraft:zombie_villager":26,"minecraft:creeper":35,"minecraft:sheep":24,"minecraft:trader_llama":2,"minecraft:pillager":10,"minecraft:zombie":70,"minecraft:blaze":7,"minecraft:cow":23,"minecraft:evoker":2,"minecraft:vex":6,"minecraft:vindicator":6,"minecraft:phantom":1,"minecraft:drowned":16,"minecraft:wandering_trader":1,"minecraft:hoglin":1,"minecraft:squid":3,"minecraft:enderman":9},"minecraft:custom":{"minecraft:animals_bred":7,"minecraft:interact_with_crafting_table":89,"minecraft:open_barrel":40,"goblintraders:trade_with_goblin":30,"minecraft:open_shulker_box":50,"minecraft:leave_game":18,"minecraft:time_since_death":459940,"minecraft:sprint_one_cm":2676759,"minecraft:damage_blocked_by_shield":630,"minecraft:drop":698,"minecraft:talked_to_villager":1006,"minecraft:play_time":1102685,"minecraft:deaths":8,"minecraft:jump":16721,"minecraft:interact_with_brewingstand":13,"minecraft:walk_on_water_one_cm":335417,"minecraft:enchant_item":5,"minecraft:interact_with_furnace":435,"minecraft:traded_with_villager":1227,"minecraft:interact_with_cartography_table":1,"minecraft:sleep_in_bed":41,"minecraft:open_enderchest":1,"minecraft:damage_dealt":78776,"minecraft:crouch_one_cm":99080,"minecraft:interact_with_smoker":1,"minecraft:horse_one_cm":288506,"minecraft:interact_with_smithing_table":3,"minecraft:interact_with_anvil":35,"minecraft:mob_kills":456,"minecraft:inspect_hopper":1,"minecraft:climb_one_cm":18568,"minecraft:walk_one_cm":2114185,"minecraft:raid_win":1,"minecraft:sneak_time":47799,"minecraft:walk_under_water_one_cm":967302,"minecraft:boat_one_cm":83123,"minecraft:interact_with_blast_furnace":53,"minecraft:total_world_time":1102685,"minecraft:interact_with_stonecutter":5,"minecraft:interact_with_grindstone":29,"minecraft:time_since_rest":9793,"minecraft:damage_absorbed":40,"minecraft:damage_taken":19022,"minecraft:swim_one_cm":592373,"minecraft:fly_one_cm":3828229,"minecraft:open_chest":462,"minecraft:aviate_one_cm":2151606,"minecraft:fall_one_cm":458899},"minecraft:mined":{"minecraft:red_shulker_box":11,"minecraft:white_bed":16,"minecraft:cobblestone_stairs":6,"minecraft:obsidian":68,"minecraft:granite":84,"minecraft:acacia_log":49,"minecraft:grass_block":353,"minecraft:crimson_fungus":1,"minecraft:spawner":1,"minecraft:tall_seagrass":60,"minecraft:glowstone":20,"minecraft:iron_ore":280,"minecraft:fire":62,"minecraft:cobbled_deepslate":2,"minecraft:deepslate_lapis_ore":1,"minecraft:twisting_vines":2,"minecraft:dirt_path":4,"minecraft:end_stone_bricks":3,"minecraft:tripwire":5,"minecraft:deepslate_redstone_ore":12,"minecraft:brown_mushroom":11,"minecraft:twisting_vines_plant":2,"minecraft:kelp_plant":234,"minecraft:smoker":1,"minecraft:clay":84,"minecraft:torch":8,"minecraft:blast_furnace":4,"minecraft:poppy":1,"minecraft:glass":21,"minecraft:cobblestone":70,"minecraft:nether_quartz_ore":48,"minecraft:oak_planks":39,"minecraft:sugar_cane":280,"minecraft:grindstone":2,"minecraft:wall_torch":13,"minecraft:seagrass":69,"minecraft:warped_nylium":155,"minecraft:birch_log":36,"minecraft:wheat":37,"minecraft:warped_fungus":4,"minecraft:purpur_block":12,"minecraft:oak_log":194,"minecraft:sand":11963,"minecraft:dirt":1920,"minecraft:blue_shulker_box":19,"minecraft:stonecutter":1,"minecraft:netherrack":2652,"minecraft:oak_leaves":47,"minecraft:deepslate":70,"minecraft:nether_gold_ore":29,"minecraft:diamond_ore":2,"minecraft:tuff":2,"minecraft:deepslate_diamond_ore":10,"minecraft:end_stone":136,"minecraft:shulker_box":1,"minecraft:nether_bricks":40,"minecraft:kelp":74,"minecraft:cartography_table":2,"minecraft:sandstone":52,"minecraft:oak_trapdoor":4,"minecraft:furnace":9,"minecraft:carrots":24,"minecraft:nether_sprouts":14,"minecraft:andesite":45,"minecraft:bookshelf":51,"minecraft:potatoes":5,"minecraft:deepslate_iron_ore":14,"minecraft:rail":9,"minecraft:warped_stem":35,"minecraft:stripped_oak_log":3,"minecraft:wet_sponge":146,"minecraft:chorus_plant":1,"minecraft:stone":1057,"minecraft:yellow_shulker_box":8,"minecraft:smithing_table":3,"minecraft:oak_slab":1,"minecraft:acacia_leaves":2,"minecraft:glass_pane":6,"minecraft:dandelion":1,"minecraft:oak_fence":1,"minecraft:crafting_table":7,"minecraft:cornflower":1,"minecraft:short_grass":394,"minecraft:sponge":22,"minecraft:warped_roots":25,"minecraft:lectern":182,"minecraft:purpur_pillar":2,"minecraft:tall_grass":39,"minecraft:lapis_ore":17,"minecraft:deepslate_gold_ore":10,"minecraft:diorite":23,"minecraft:warped_wart_block":134,"mcwbridges:iron_bridge":1,"minecraft:coal_ore":321,"minecraft:end_rod":5,"minecraft:gravel":706,"minecraft:dripstone_block":1,"minecraft:cobweb":7,"minecraft:acacia_planks":1,"minecraft:stone_bricks":4,"minecraft:gold_ore":31},"minecraft:killed_by":{"minecraft:evoker":1,"minecraft:creeper":1,"minecraft:vindicator":3,"minecraft:player":1},"minecraft:dropped":{"minecraft:iron_sword":2,"minecraft:warped_stem":29,"minecraft:brown_mushroom":8,"minecraft:diamond_axe":1,"minecraft:warped_fungus":6,"minecraft:chorus_fruit":51,"minecraft:glass_bottle":4,"minecraft:cooked_porkchop":27,"minecraft:crossbow":6,"minecraft:warped_roots":31,"minecraft:leather":18,"minecraft:saddle":2,"minecraft:cobblestone_stairs":6,"minecraft:cod":8,"minecraft:item_frame":1,"minecraft:emerald":32,"minecraft:flint":2,"minecraft:dirt":321,"minecraft:netherite_scrap":2,"minecraft:dark_oak_fence":2,"minecraft:mutton":2,"minecraft:seagrass":16,"minecraft:gold_nugget":4,"minecraft:pumpkin_pie":3,"minecraft:wet_sponge":5,"minecraft:phantom_membrane":1,"minecraft:sand":9,"minecraft:sugar":13,"minecraft:iron_pickaxe":1,"minecraft:dark_oak_planks":39,"minecraft:white_wool":6,"minecraft:gold_ingot":4,"minecraft:bone":22,"minecraft:gravel":137,"minecraft:crimson_fungus":1,"minecraft:stone_axe":1,"minecraft:purpur_block":7,"minecraft:sugar_cane":105,"minecraft:golden_chestplate":1,"minecraft:cobbled_deepslate":105,"minecraft:twisting_vines":3,"minecraft:wheat":3,"minecraft:rotten_flesh":186,"minecraft:oak_planks":1,"minecraft:diamond_shovel":1,"minecraft:glowstone_dust":8,"minecraft:end_stone":76,"minecraft:cooked_mutton":1,"minecraft:white_bed":1,"minecraft:salmon":7,"minecraft:carrot":15,"minecraft:poppy":1,"minecraft:tipped_arrow":1,"minecraft:gunpowder":9,"minecraft:acacia_slab":12,"minecraft:basalt":17,"minecraft:arrow":12,"minecraft:glass":130,"minecraft:warped_wart_block":248,"minecraft:quartz":17,"minecraft:netherrack":4978,"minecraft:egg":7,"minecraft:stone_hoe":1,"minecraft:iron_ingot":12,"minecraft:bread":7,"minecraft:oak_slab":1,"minecraft:wheat_seeds":59,"minecraft:bookshelf":6,"mcwbridges:iron_bridge":3,"minecraft:iron_helmet":1,"minecraft:golden_axe":6,"minecraft:purpur_slab":1,"minecraft:feather":3,"minecraft:cobblestone":10,"minecraft:book":20,"minecraft:apple":1,"minecraft:granite":29,"minecraft:copper_ingot":2,"minecraft:grass_block":1,"minecraft:golden_apple":3,"minecraft:coal":21,"minecraft:stick":2,"minecraft:diorite":26,"minecraft:golden_carrot":2,"minecraft:ink_sac":7,"minecraft:torch":1,"minecraft:diamond_helmet":1,"minecraft:iron_leggings":10,"minecraft:white_banner":2,"minecraft:iron_axe":7,"minecraft:chainmail_leggings":2,"minecraft:paper":15,"minecraft:string":4571,"minecraft:bucket":1,"minecraft:acacia_planks":5,"minecraft:redstone":2,"minecraft:kelp":521,"minecraft:warped_nylium":3,"minecraft:oak_trapdoor":2,"minecraft:stone_sword":2,"minecraft:blaze_rod":64,"minecraft:raw_copper":1,"minecraft:tuff":36,"minecraft:raw_iron":1,"minecraft:stone_shovel":2,"minecraft:chicken":3,"minecraft:clay_ball":12,"minecraft:iron_boots":1,"minecraft:iron_hoe":2,"minecraft:nether_bricks":63,"minecraft:glass_pane":8,"minecraft:suspicious_stew":8,"minecraft:diamond_sword":3,"minecraft:potato":16,"minecraft:diamond_chestplate":1,"minecraft:diamond_pickaxe":3,"minecraft:iron_chestplate":2,"minecraft:andesite":20,"minecraft:golden_leggings":1,"minecraft:stone_bricks":5,"minecraft:spider_eye":13,"minecraft:bow":5,"minecraft:stone_pickaxe":3,"minecraft:wooden_pickaxe":1,"minecraft:black_wool":2},"minecraft:used":{"minecraft:iron_shovel":98,"minecraft:chest":8,"minecraft:shield":8,"minecraft:stone":2,"minecraft:iron_sword":270,"minecraft:rotten_flesh":4,"minecraft:nether_bricks":32,"minecraft:carrot":50,"minecraft:obsidian":57,"minecraft:glass":1638,"minecraft:lava_bucket":120,"minecraft:stone_bricks":260,"minecraft:item_frame":1,"minecraft:bow":25,"minecraft:blue_shulker_box":19,"minecraft:furnace":27,"minecraft:egg":25,"minecraft:oak_planks":45,"minecraft:diorite":5,"minecraft:diamond_boots":2,"minecraft:end_stone_bricks":3,"minecraft:stone_pickaxe":131,"minecraft:chorus_fruit":2,"minecraft:acacia_trapdoor":7,"minecraft:ender_pearl":4,"minecraft:wooden_pickaxe":3,"minecraft:sugar_cane":21,"minecraft:diamond_axe":241,"minecraft:purpur_pillar":1,"minecraft:golden_apple":1,"minecraft:sand":4504,"minecraft:blast_furnace":4,"minecraft:crossbow":2,"minecraft:sponge":165,"minecraft:dripstone_block":1,"minecraft:end_stone":76,"minecraft:firework_rocket":95,"minecraft:string":9,"minecraft:lectern":187,"minecraft:gravel":38,"minecraft:diamond_sword":923,"minecraft:grindstone":2,"minecraft:smithing_table":2,"minecraft:andesite":30,"minecraft:oak_fence":1,"minecraft:oak_boat":22,"minecraft:air":1,"minecraft:bone_meal":15,"minecraft:purpur_block":5,"minecraft:experience_bottle":116,"minecraft:oak_trapdoor":6,"minecraft:stone_sword":44,"minecraft:flint_and_steel":18,"minecraft:stone_shovel":1,"minecraft:cooked_chicken":49,"minecraft:netherrack":283,"minecraft:torch":85,"minecraft:brewing_stand":1,"minecraft:dirt":524,"minecraft:anvil":1,"minecraft:white_carpet":3,"minecraft:diamond_helmet":1,"minecraft:granite":16,"minecraft:iron_hoe":283,"minecraft:red_shulker_box":13,"minecraft:bookshelf":51,"minecraft:iron_axe":423,"minecraft:diamond_chestplate":3,"minecraft:glowstone":2,"minecraft:golden_carrot":29,"minecraft:minecart":1,"minecraft:cooked_beef":37,"minecraft:cobbled_deepslate":3,"minecraft:acacia_planks":14,"minecraft:wheat_seeds":66,"minecraft:cooked_mutton":32,"minecraft:water_bucket":132,"minecraft:glass_bottle":7,"minecraft:yellow_shulker_box":8,"minecraft:cartography_table":2,"minecraft:stonecutter":1,"minecraft:rail":9,"minecraft:tnt":15,"minecraft:crafting_table":11,"minecraft:white_bed":26,"minecraft:smoker":2,"minecraft:ender_eye":2,"minecraft:diamond_pickaxe":4860,"minecraft:apple":4,"minecraft:diamond_shovel":14960,"minecraft:iron_pickaxe":348,"minecraft:stone_axe":47,"minecraft:cobblestone":390,"minecraft:potion":1,"minecraft:cooked_porkchop":99,"minecraft:bucket":257,"minecraft:yellow_bed":1,"minecraft:diamond_leggings":4,"minecraft:splash_potion":5},"minecraft:picked_up":{"minecraft:shulker_shell":12,"minecraft:seagrass":22,"minecraft:wheat":31,"minecraft:suspicious_stew":8,"minecraft:smithing_table":2,"minecraft:diamond_sword":6,"minecraft:oak_stairs":1,"minecraft:enchanted_book":4,"minecraft:potion":1,"minecraft:string":10536,"minecraft:raw_copper":1,"minecraft:iron_leggings":1,"minecraft:diamond_leggings":6,"minecraft:gold_nugget":159,"minecraft:cobbled_deepslate":101,"minecraft:bucket":1,"minecraft:ender_eye":2,"minecraft:iron_pickaxe":7,"minecraft:furnace":9,"minecraft:tipped_arrow":1,"minecraft:stick":28,"minecraft:oak_fence":1,"minecraft:torch":60,"minecraft:acacia_log":45,"minecraft:purpur_pillar":2,"minecraft:porkchop":29,"minecraft:golden_axe":6,"minecraft:diorite":40,"minecraft:golden_chestplate":1,"minecraft:stone_sword":1,"minecraft:rotten_flesh":186,"minecraft:end_rod":18,"minecraft:blaze_rod":2,"minecraft:obsidian":94,"minecraft:cod":12,"minecraft:cobblestone":1153,"minecraft:sponge":105,"minecraft:birch_log":36,"minecraft:feather":79,"minecraft:cooked_beef":38,"minecraft:water_bucket":5,"minecraft:andesite":51,"minecraft:brown_wool":1,"minecraft:golden_leggings":1,"minecraft:smoker":1,"minecraft:potato":18,"minecraft:flint":5,"minecraft:lapis_lazuli":101,"minecraft:dirt":854,"minecraft:name_tag":1,"minecraft:twisting_vines":3,"minecraft:glass":128,"minecraft:bone":65,"minecraft:acacia_planks":1,"minecraft:bow":11,"minecraft:stonecutter":1,"minecraft:wheat_seeds":145,"minecraft:raw_gold":45,"minecraft:grindstone":3,"minecraft:diamond_helmet":5,"minecraft:glowstone_dust":57,"minecraft:stone_hoe":1,"minecraft:oak_planks":110,"minecraft:cooked_porkchop":86,"minecraft:warped_wart_block":248,"minecraft:sand":9117,"minecraft:ink_sac":8,"minecraft:grass_block":1,"minecraft:iron_hoe":2,"minecraft:diamond":18,"minecraft:crossbow":6,"minecraft:granite":99,"minecraft:emerald":39,"minecraft:bread":4,"minecraft:oak_sapling":26,"minecraft:netherrack":3999,"minecraft:chorus_fruit":45,"minecraft:diamond_pickaxe":10,"minecraft:end_stone_bricks":3,"minecraft:crafting_table":9,"minecraft:chicken":73,"minecraft:clay_ball":136,"minecraft:brown_mushroom":10,"minecraft:diamond_horse_armor":1,"minecraft:purpur_block":14,"minecraft:shield":3,"minecraft:cornflower":1,"minecraft:oak_trapdoor":5,"minecraft:elytra":3,"minecraft:iron_axe":9,"minecraft:flint_and_steel":4,"minecraft:item_frame":4,"minecraft:white_carpet":3,"minecraft:cartography_table":2,"minecraft:beef":44,"minecraft:oak_boat":21,"minecraft:poppy":6,"minecraft:minecart":1,"minecraft:lectern":183,"minecraft:blue_shulker_box":20,"minecraft:sugar_cane":429,"minecraft:birch_sapling":5,"minecraft:phantom_membrane":1,"minecraft:egg":35,"minecraft:raw_iron":352,"minecraft:sandstone":8,"minecraft:end_stone":202,"minecraft:copper_ingot":2,"minecraft:carrot":125,"minecraft:redstone":38,"minecraft:dark_oak_planks":7,"minecraft:tnt":88,"minecraft:stone_shovel":2,"minecraft:arrow":131,"minecraft:red_shulker_box":14,"minecraft:diamond_chestplate":6,"minecraft:pumpkin_pie":3,"minecraft:nether_bricks":39,"minecraft:diamond_boots":8,"minecraft:purpur_slab":2,"minecraft:saddle":2,"minecraft:gold_ingot":9,"minecraft:totem_of_undying":3,"minecraft:mutton":34,"minecraft:rail":9,"minecraft:white_wool":20,"minecraft:wet_sponge":174,"minecraft:stripped_oak_log":3,"minecraft:yellow_shulker_box":9,"minecraft:golden_carrot":54,"minecraft:salmon":10,"minecraft:leather":50,"mcwbridges:iron_bridge":3,"minecraft:crimson_fungus":1,"minecraft:oak_log":192,"minecraft:yellow_bed":1,"minecraft:gunpowder":54,"minecraft:cobblestone_stairs":6,"minecraft:white_banner":3,"minecraft:cooked_mutton":2,"minecraft:apple":9,"minecraft:stone_bricks":145,"minecraft:kelp":520,"minecraft:warped_stem":122,"minecraft:iron_ingot":166,"minecraft:stone_pickaxe":3,"minecraft:cooked_chicken":2,"minecraft:glass_bottle":4,"minecraft:iron_sword":2,"minecraft:book":171,"minecraft:warped_fungus":12,"minecraft:quartz":46,"minecraft:dandelion":1,"minecraft:dripstone_block":1,"minecraft:gravel":202,"minecraft:lava_bucket":6,"minecraft:blast_furnace":4,"minecraft:white_bed":30,"minecraft:spider_eye":21,"minecraft:firework_rocket":52,"minecraft:diamond_shovel":5,"minecraft:chainmail_leggings":2,"minecraft:diamond_axe":5,"minecraft:warped_roots":35,"minecraft:black_wool":3,"minecraft:warped_nylium":1,"minecraft:coal":484,"minecraft:ender_pearl":13},"minecraft:broken":{"minecraft:stone_pickaxe":1,"minecraft:iron_sword":1}},"DataVersion":3839}