{"stats":{"minecraft:killed":{"minecraft:spider":3,"minecraft:skeleton":8,"minecraft:chicken":8,"minecraft:pig":9,"minecraft:creeper":5,"minecraft:sheep":6,"minecraft:zombie":6,"minecraft:player":1,"minecraft:cow":15},"minecraft:mined":{"minecraft:dark_oak_planks":3,"minecraft:spruce_planks":7,"croptopia:orange_crop":1,"cobblemon:shiny_stone_ore":2,"minecraft:deepslate_diamond_ore":9,"croptopia:strawberry_crop":1,"croptopia:mustard_crop":1,"minecraft:dark_oak_log":9,"minecraft:grass_block":91,"minecraft:spruce_leaves":7,"croptopia:barley_crop":1,"minecraft:furnace":2,"minecraft:iron_ore":56,"croptopia:corn_crop":1,"croptopia:soybean_crop":1,"minecraft:andesite":9,"minecraft:potatoes":9,"minecraft:deepslate_iron_ore":9,"minecraft:stone":118,"minecraft:spruce_slab":1,"twigs:opaline_seashell":1,"minecraft:deepslate_redstone_ore":3,"minecraft:red_bed":2,"minecraft:crafting_table":4,"minecraft:torch":2,"minecraft:tall_grass":87,"minecraft:copper_ore":7,"minecraft:deepslate_gold_ore":15,"minecraft:lapis_ore":9,"minecraft:sugar_cane":2,"minecraft:oak_planks":2,"cobblemon:oran_berry":3,"minecraft:wall_torch":4,"croptopia:spinach_crop":1,"minecraft:spruce_stairs":7,"minecraft:dark_oak_door":1,"minecraft:spruce_log":102,"minecraft:grass":248,"minecraft:coal_ore":61,"minecraft:oak_log":21,"minecraft:sand":50,"minecraft:dirt":12,"minecraft:oak_leaves":4,"minecraft:deepslate":10,"minecraft:fern":1},"minecraft:picked_up":{"minecraft:crafting_table":4,"minecraft:coarse_dirt":4,"minecraft:azure_bluet":1,"minecraft:chicken":13,"croptopia:peach":19,"cobblemon:yellow_apricorn":2,"cobblemon:red_apricorn":2,"cobblemon:wepear_berry":5,"minecraft:cornflower":1,"minecraft:string":3,"minecraft:red_bed":2,"minecraft:raw_copper":20,"croptopia:soybean":2,"twigs:opaline_seashell":1,"cobblemon:roseli_berry":1,"minecraft:cobbled_deepslate":33,"minecraft:spruce_planks":7,"minecraft:beef":28,"cobblemon:oran_berry":11,"minecraft:spruce_slab":1,"croptopia:mustard_seed":1,"minecraft:sugar_cane":5,"minecraft:furnace":2,"minecraft:dark_oak_door":1,"minecraft:stick":1,"minecraft:raw_iron":80,"croptopia:corn_seed":2,"croptopia:barley_seed":2,"croptopia:soybean_seed":4,"minecraft:torch":7,"minecraft:spruce_stairs":7,"minecraft:porkchop":28,"minecraft:redstone":8,"croptopia:strawberry":1,"minecraft:rabbit_foot":1,"minecraft:dark_oak_planks":3,"minecraft:arrow":5,"minecraft:rotten_flesh":2,"croptopia:strawberry_seed":2,"minecraft:mutton":14,"cobblemon:verdant_ball":1,"minecraft:white_wool":19,"minecraft:cobblestone":119,"minecraft:feather":14,"cobblemon:great_ball":3,"minecraft:andesite":9,"minecraft:brown_wool":3,"minecraft:leather":19,"minecraft:dark_oak_boat":1,"minecraft:potato":34,"cobblemon:roseate_ball":1,"minecraft:oak_log":21,"croptopia:walnut":8,"minecraft:gunpowder":3,"minecraft:lapis_lazuli":56,"minecraft:dirt":134,"minecraft:cooked_mutton":1,"minecraft:bone":5,"croptopia:corn":2,"croptopia:barley":4,"minecraft:apple":3,"minecraft:wheat_seeds":49,"minecraft:raw_gold":15,"minecraft:rabbit_hide":3,"minecraft:iron_ingot":1,"minecraft:rabbit":5,"twigs:twig":20,"minecraft:oak_planks":2,"cobblemon:chilan_berry":1,"croptopia:mustard":1,"minecraft:dandelion":1,"cobblemon:shiny_stone":2,"cobblemon:cheri_berry":18,"minecraft:sand":49,"minecraft:amethyst_shard":2,"minecraft:spruce_sapling":30,"minecraft:spruce_log":99,"minecraft:dark_oak_log":15,"minecraft:diamond":9,"cobblemon:poke_ball":4,"croptopia:orange":11,"minecraft:oak_sapling":4,"minecraft:coal":96},"minecraft:killed_by":{"minecraft:player":1},"minecraft:custom":{"minecraft:mob_kills":62,"minecraft:interact_with_crafting_table":45,"minecraft:leave_game":7,"minecraft:time_since_death":171727,"minecraft:sprint_one_cm":451029,"minecraft:walk_one_cm":327495,"minecraft:drop":51,"minecraft:play_time":188911,"minecraft:deaths":1,"minecraft:sneak_time":4525,"minecraft:walk_under_water_one_cm":9851,"minecraft:boat_one_cm":16512,"minecraft:jump":3517,"minecraft:interact_with_blast_furnace":5,"minecraft:walk_on_water_one_cm":10452,"minecraft:total_world_time":188911,"minecraft:interact_with_furnace":54,"minecraft:sleep_in_bed":4,"minecraft:time_since_rest":115124,"minecraft:damage_taken":2225,"minecraft:damage_dealt":8848,"minecraft:swim_one_cm":11769,"minecraft:fly_one_cm":855342,"minecraft:player_kills":1,"minecraft:open_chest":75,"minecraft:crouch_one_cm":12750,"minecraft:fall_one_cm":129214,"minecraft:horse_one_cm":298},"minecraft:crafted":{"minecraft:smooth_stone":2,"minecraft:oak_planks":84,"minecraft:stone_shovel":1,"minecraft:dark_oak_boat":1,"minecraft:cooked_chicken":8,"minecraft:furnace":2,"minecraft:stone":2,"minecraft:bone_meal":15,"minecraft:cooked_mutton":9,"minecraft:glass":49,"minecraft:dark_oak_door":3,"minecraft:spruce_stairs":112,"minecraft:iron_axe":1,"minecraft:spruce_slab":12,"minecraft:stone_pickaxe":1,"minecraft:chest":2,"minecraft:dark_oak_planks":64,"minecraft:stone_hoe":1,"minecraft:cooked_porkchop":17,"minecraft:crafting_table":2,"minecraft:enchanting_table":1,"minecraft:spruce_planks":396,"minecraft:wooden_pickaxe":1,"cobblemon:pc":1,"minecraft:bucket":2,"minecraft:stone_axe":1,"minecraft:air":0,"minecraft:diamond_pickaxe":1,"minecraft:iron_chestplate":1,"minecraft:book":1,"minecraft:paper":3,"minecraft:charcoal":8,"minecraft:stick":112,"minecraft:iron_ingot":41,"minecraft:iron_pickaxe":1,"minecraft:wooden_axe":1,"minecraft:iron_leggings":1,"minecraft:iron_shovel":1,"minecraft:gold_ingot":12,"minecraft:torch":12},"minecraft:dropped":{"minecraft:iron_ingot":1,"minecraft:porkchop":1,"minecraft:wheat_seeds":19,"croptopia:soybean_seed":4,"minecraft:cornflower":1,"minecraft:rabbit":1,"minecraft:brown_wool":3,"croptopia:barley_seed":2,"croptopia:mustard_seed":1,"minecraft:string":1,"minecraft:white_wool":14,"croptopia:soybean":2,"minecraft:dandelion":1,"croptopia:corn":1,"minecraft:stone_axe":1,"minecraft:stone_shovel":1,"cobblemon:cheri_berry":11,"minecraft:rotten_flesh":2,"croptopia:corn_seed":1,"minecraft:azure_bluet":1,"minecraft:rabbit_foot":1,"minecraft:rabbit_hide":3,"minecraft:gunpowder":2,"minecraft:andesite":3,"minecraft:oak_sapling":2,"croptopia:peach":19,"minecraft:glass":18,"minecraft:stone_pickaxe":1,"croptopia:barley":2,"croptopia:mustard":1},"minecraft:used":{"minecraft:iron_shovel":92,"minecraft:spruce_slab":10,"minecraft:stone_shovel":47,"minecraft:chest":2,"minecraft:spruce_planks":121,"minecraft:iron_sword":46,"minecraft:cooked_chicken":8,"minecraft:stone_hoe":66,"minecraft:torch":12,"minecraft:dirt":90,"minecraft:spruce_stairs":113,"cobblemon:cheri_berry":5,"minecraft:glass":30,"minecraft:dark_oak_planks":33,"minecraft:wooden_axe":22,"minecraft:iron_axe":160,"cobblemon:pc":1,"minecraft:dark_oak_boat":1,"minecraft:furnace":3,"croptopia:strawberry":1,"minecraft:potato":39,"minecraft:cooked_mutton":10,"minecraft:water_bucket":38,"minecraft:stone_pickaxe":68,"minecraft:oak_planks":13,"croptopia:walnut":8,"minecraft:wooden_pickaxe":6,"minecraft:crafting_table":5,"minecraft:red_bed":2,"minecraft:crossbow":1,"croptopia:orange":1,"minecraft:dark_oak_door":3,"minecraft:iron_pickaxe":238,"minecraft:stone_axe":71,"minecraft:cobblestone":21,"minecraft:cooked_porkchop":17,"minecraft:bucket":40,"minecraft:andesite":6,"minecraft:bone_meal":15,"cobblemon:blue_apricorn_seed":1}},"DataVersion":3465}