{"stats":{"minecraft:crafted":{"minecraft:oak_planks":24,"minecraft:cooked_porkchop":4,"minecraft:dark_oak_boat":1,"minecraft:crafting_table":1,"minecraft:wooden_pickaxe":1,"minecraft:furnace":1,"minecraft:stone_axe":1,"minecraft:cooked_mutton":1,"minecraft:air":0,"minecraft:stick":16,"minecraft:stone_pickaxe":1,"minecraft:wooden_axe":1,"minecraft:dark_oak_planks":60},"minecraft:used":{"minecraft:cooked_mutton":2,"minecraft:stone_pickaxe":68,"minecraft:oak_planks":13,"croptopia:walnut":8,"minecraft:wooden_pickaxe":6,"minecraft:crafting_table":2,"minecraft:red_bed":1,"croptopia:orange":1,"minecraft:wooden_axe":22,"minecraft:stone_axe":45,"minecraft:dark_oak_boat":1,"minecraft:furnace":1,"minecraft:cooked_porkchop":3,"croptopia:strawberry":1},"minecraft:custom":{"minecraft:interact_with_furnace":15,"minecraft:mob_kills":34,"minecraft:interact_with_crafting_table":12,"minecraft:leave_game":6,"minecraft:time_since_death":26081,"minecraft:sleep_in_bed":2,"minecraft:time_since_rest":3090,"minecraft:sprint_one_cm":81658,"minecraft:damage_taken":485,"minecraft:walk_one_cm":69304,"minecraft:drop":8,"minecraft:damage_dealt":3376,"minecraft:swim_one_cm":2733,"minecraft:fly_one_cm":204358,"minecraft:open_chest":13,"minecraft:crouch_one_cm":2062,"minecraft:play_time":43265,"minecraft:deaths":1,"minecraft:sneak_time":934,"minecraft:walk_under_water_one_cm":429,"minecraft:boat_one_cm":16512,"minecraft:jump":838,"minecraft:walk_on_water_one_cm":1980,"minecraft:total_world_time":43265,"minecraft:fall_one_cm":27882},"minecraft:killed":{"minecraft:pig":4,"minecraft:creeper":1,"minecraft:sheep":6,"minecraft:chicken":8,"minecraft:cow":15},"minecraft:killed_by":{"minecraft:player":1},"minecraft:dropped":{"minecraft:andesite":2,"minecraft:oak_sapling":2,"croptopia:barley_seed":2,"croptopia:barley":2,"minecraft:white_wool":12},"minecraft:picked_up":{"minecraft:crafting_table":2,"minecraft:feather":10,"minecraft:chicken":8,"croptopia:peach":12,"minecraft:andesite":2,"minecraft:leather":18,"minecraft:dark_oak_boat":1,"minecraft:oak_log":6,"croptopia:walnut":8,"minecraft:red_bed":2,"minecraft:raw_copper":20,"minecraft:cooked_mutton":1,"twigs:opaline_seashell":1,"croptopia:barley":4,"minecraft:apple":1,"minecraft:wheat_seeds":3,"minecraft:beef":28,"twigs:twig":2,"minecraft:oak_planks":2,"minecraft:furnace":1,"minecraft:stick":1,"minecraft:raw_iron":15,"croptopia:barley_seed":2,"minecraft:torch":1,"minecraft:porkchop":11,"minecraft:dark_oak_log":15,"croptopia:strawberry":1,"croptopia:strawberry_seed":2,"croptopia:orange":1,"minecraft:oak_sapling":4,"minecraft:mutton":10,"minecraft:coal":24,"minecraft:white_wool":12,"minecraft:cobblestone":30},"minecraft:mined":{"croptopia:orange_crop":1,"minecraft:red_bed":2,"croptopia:strawberry_crop":1,"minecraft:dark_oak_log":9,"minecraft:crafting_table":2,"minecraft:tall_grass":1,"minecraft:copper_ore":7,"minecraft:oak_planks":2,"croptopia:spinach_crop":1,"croptopia:barley_crop":1,"minecraft:furnace":1,"minecraft:iron_ore":15,"minecraft:andesite":2,"minecraft:grass":5,"minecraft:coal_ore":17,"minecraft:oak_log":6,"minecraft:stone":32,"minecraft:oak_leaves":4,"twigs:opaline_seashell":1,"minecraft:fern":1}},"DataVersion":3465}