{"stats":{"minecraft:crafted":{"minecraft:smooth_stone":2,"minecraft:oak_planks":84,"minecraft:dark_oak_boat":1,"minecraft:cooked_chicken":29,"minecraft:stone":2,"minecraft:cooked_mutton":27,"minecraft:glass":94,"minecraft:dark_oak_door":3,"minecraft:chest":4,"minecraft:stone_hoe":1,"minecraft:cooked_porkchop":27,"minecraft:crafting_table":2,"minecraft:spruce_planks":536,"minecraft:wooden_pickaxe":1,"minecraft:baked_potato":18,"minecraft:book":1,"minecraft:iron_chestplate":1,"minecraft:diamond_pickaxe":1,"minecraft:paper":3,"minecraft:charcoal":8,"twigs:cobblestone_bricks":232,"minecraft:stick":112,"minecraft:iron_ingot":41,"minecraft:iron_pickaxe":1,"minecraft:gold_ingot":12,"minecraft:stone_shovel":1,"minecraft:furnace":3,"minecraft:bone_meal":15,"minecraft:glass_pane":80,"minecraft:spruce_stairs":112,"minecraft:iron_axe":1,"minecraft:spruce_slab":12,"minecraft:stone_pickaxe":1,"minecraft:dark_oak_planks":64,"minecraft:cooked_beef":14,"minecraft:spruce_sign":3,"minecraft:enchanting_table":1,"cobblemon:pc":1,"minecraft:bucket":2,"minecraft:stone_axe":2,"minecraft:air":0,"minecraft:wooden_axe":1,"minecraft:iron_shovel":1,"minecraft:iron_leggings":1,"minecraft:torch":20},"minecraft:picked_up":{"minecraft:wheat":8,"cobblemon:magnet":1,"twigs:roseate_seashell":1,"cobblemon:red_apricorn":5,"cobblemon:charti_berry":1,"croptopia:cabbage_seed":3,"twigs:cobblestone_bricks":32,"cobblemon:wepear_berry":7,"minecraft:string":3,"minecraft:raw_copper":67,"universal_graves:grave_compass":1,"minecraft:cobbled_deepslate":33,"cobblemon:white_apricorn_seed":2,"minecraft:spruce_planks":11,"cobblemon:oran_berry":133,"minecraft:smooth_quartz":2,"minecraft:iron_pickaxe":1,"croptopia:blueberry":1,"croptopia:mustard_seed":5,"cobblemon:quick_ball":6,"minecraft:furnace":3,"minecraft:dark_oak_door":1,"minecraft:stick":22,"cobblemon:apricorn_log":6,"cobblemon:pc":2,"croptopia:cucumber":2,"croptopia:barley_seed":2,"minecraft:torch":10,"minecraft:spruce_stairs":10,"minecraft:porkchop":44,"minecraft:rabbit_foot":3,"minecraft:honey_bottle":2,"minecraft:rotten_flesh":22,"minecraft:obsidian":2,"cobblemon:verdant_ball":1,"croptopia:cabbage":2,"minecraft:cobblestone":453,"minecraft:pink_petals":9,"minecraft:feather":28,"cobblemon:great_ball":22,"minecraft:water_bucket":1,"minecraft:andesite":9,"minecraft:brown_wool":7,"minecraft:dark_oak_boat":2,"minecraft:potato":190,"cobblemon:roseate_ball":1,"minecraft:flint":1,"cobblemon:bluk_berry":7,"croptopia:walnut":8,"croptopia:blueberry_seed":2,"minecraft:lapis_lazuli":56,"minecraft:dirt":231,"minecraft:glass":12,"minecraft:bone":5,"croptopia:corn":3,"cobblemon:black_apricorn":8,"minecraft:wheat_seeds":133,"minecraft:raw_gold":15,"croptopia:bellpepper":1,"cobblemon:quick_powder":1,"cobblemon:thunder_stone":1,"minecraft:rabbit":9,"twigs:twig":49,"minecraft:oak_planks":2,"cobblemon:poison_barb":2,"cobblemon:sun_stone":2,"minecraft:cooked_porkchop":27,"patchouli:guide_book":1,"croptopia:mustard":3,"cobblemon:fire_stone":2,"croptopia:blackberry":1,"minecraft:poisonous_potato":1,"cobblemon:shiny_stone":4,"minecraft:sand":99,"cobblemon:persim_berry":12,"minecraft:stripped_spruce_log":5,"cobblemon:aspear_berry":9,"minecraft:dark_oak_log":15,"cobblemon:shuca_berry":1,"cobblemon:healing_machine":8,"minecraft:diamond":11,"cobblemon:poke_ball":34,"minecraft:crossbow":1,"cobblemon:ice_stone":1,"minecraft:bread":14,"minecraft:emerald":38,"pfm:furniture_book":1,"minecraft:oak_sapling":4,"cobblemon:chesto_berry":6,"minecraft:charcoal":5,"minecraft:coarse_dirt":24,"minecraft:crafting_table":6,"minecraft:azure_bluet":1,"minecraft:chicken":36,"croptopia:peach":19,"cobblemon:yellow_apricorn":17,"minecraft:wooden_pickaxe":1,"minecraft:cornflower":2,"minecraft:red_bed":2,"cobblemon:mystic_water":1,"minecraft:flint_and_steel":2,"croptopia:bellpepper_seed":2,"cobblemon:white_apricorn":13,"minecraft:iron_shovel":1,"croptopia:soybean":4,"twigs:opaline_seashell":1,"minecraft:glass_pane":4,"cobblemon:roseli_berry":2,"minecraft:beef":106,"croptopia:pepper_seed":2,"minecraft:spruce_slab":3,"minecraft:sugar_cane":5,"cobblemon:chople_berry":1,"minecraft:egg":11,"minecraft:raw_iron":83,"cobblemon:silver_powder":1,"croptopia:corn_seed":3,"croptopia:soybean_seed":6,"minecraft:copper_ingot":23,"minecraft:carrot":1,"minecraft:redstone":8,"croptopia:strawberry":1,"minecraft:dark_oak_planks":3,"inmis:gilded_backpack":1,"cobblemon:dawn_stone":2,"minecraft:arrow":29,"minecraft:stone_shovel":1,"croptopia:strawberry_seed":2,"cobblemon:everstone":1,"croptopia:pepper":1,"minecraft:mutton":34,"minecraft:white_wool":35,"inmis:bejeweled_backpack":1,"cobblemon:blue_apricorn":13,"cobblemon:tanga_berry":1,"minecraft:leather":77,"minecraft:acacia_wood":19,"minecraft:oak_log":21,"minecraft:gunpowder":7,"minecraft:cooked_mutton":1,"croptopia:barley":6,"minecraft:apple":70,"minecraft:rabbit_hide":6,"minecraft:iron_ingot":5,"cobblemon:wacan_berry":12,"minecraft:iron_sword":4,"cobblemon:chilan_berry":1,"minecraft:smooth_basalt":1,"minecraft:sweet_berries":5,"minecraft:dandelion":1,"croptopia:cucumber_seed":2,"cobblemon:cheri_berry":31,"minecraft:amethyst_shard":2,"minecraft:spruce_sapling":30,"minecraft:spruce_log":99,"minecraft:iron_helmet":1,"croptopia:orange":11,"minecraft:dark_oak_wood":6,"minecraft:coal":161},"minecraft:dropped":{"minecraft:iron_sword":5,"minecraft:acacia_wood":19,"minecraft:porkchop":6,"cobblemon:blue_apricorn":9,"minecraft:diamond":6,"cobblemon:sun_stone":1,"croptopia:cucumber":2,"cobblemon:thunder_stone":1,"minecraft:crossbow":2,"cobblemon:persim_berry":12,"minecraft:leather":57,"cobblemon:silver_powder":1,"minecraft:emerald":38,"minecraft:flint":1,"minecraft:dirt":18,"cobblemon:dawn_stone":2,"cobblemon:white_apricorn":13,"minecraft:cornflower":2,"minecraft:dark_oak_wood":6,"minecraft:mutton":2,"minecraft:amethyst_shard":2,"croptopia:barley_seed":2,"minecraft:iron_pickaxe":2,"croptopia:mustard_seed":5,"minecraft:dark_oak_boat":1,"minecraft:white_wool":29,"croptopia:soybean":5,"twigs:twig":58,"cobblemon:red_apricorn":2,"minecraft:gold_ingot":12,"croptopia:corn":3,"minecraft:stone_axe":1,"minecraft:sugar_cane":2,"minecraft:cobbled_deepslate":33,"cobblemon:tanga_berry":1,"minecraft:wheat":4,"minecraft:obsidian":2,"cobblemon:cheri_berry":41,"minecraft:rotten_flesh":31,"cobblemon:chesto_berry":6,"universal_graves:grave_compass":1,"cobblemon:black_apricorn":8,"mcwtrpdoors:acacia_glass_trapdoor":8,"minecraft:azure_bluet":1,"minecraft:carrot":1,"minecraft:rabbit_foot":3,"patchouli:guide_book":1,"croptopia:blueberry_seed":2,"cobblemon:bluk_berry":7,"minecraft:rabbit_hide":6,"croptopia:blueberry":1,"cobblemon:aspear_berry":9,"cobblemon:white_apricorn_seed":2,"minecraft:gunpowder":9,"minecraft:charcoal":10,"cobblemon:fire_stone":2,"minecraft:glass":30,"minecraft:beef":29,"minecraft:arrow":24,"croptopia:barley":4,"cobblemon:quick_powder":1,"croptopia:mustard":3,"minecraft:egg":11,"minecraft:bread":71,"minecraft:water_bucket":1,"minecraft:stone_hoe":1,"minecraft:iron_ingot":18,"cobblemon:wacan_berry":12,"minecraft:wheat_seeds":131,"minecraft:feather":28,"minecraft:iron_helmet":1,"croptopia:orange":10,"inmis:baby_backpack":1,"croptopia:blackberry":1,"minecraft:apple":67,"croptopia:soybean_seed":7,"minecraft:copper_ingot":23,"cobblemon:shiny_stone":3,"croptopia:cabbage":1,"cobblemon:chilan_berry":1,"cobblemon:oran_berry":27,"minecraft:stick":62,"minecraft:lava_bucket":1,"minecraft:torch":2,"minecraft:rabbit":9,"minecraft:brown_wool":7,"cobblemon:ice_stone":1,"minecraft:iron_shovel":1,"minecraft:string":3,"minecraft:pink_petals":9,"minecraft:spruce_sapling":30,"minecraft:smooth_basalt":1,"cobblemon:roseli_berry":1,"minecraft:dandelion":1,"minecraft:redstone":8,"minecraft:sweet_berries":5,"cobblemon:wepear_berry":7,"minecraft:coarse_dirt":18,"minecraft:raw_copper":20,"inmis:gilded_backpack":1,"croptopia:cucumber_seed":2,"croptopia:cabbage_seed":3,"minecraft:stone_shovel":2,"minecraft:raw_iron":2,"minecraft:chicken":7,"cobblemon:yellow_apricorn":15,"croptopia:corn_seed":3,"minecraft:glass_pane":4,"minecraft:flint_and_steel":2,"croptopia:bellpepper_seed":1,"minecraft:potato":18,"cobblemon:chople_berry":1,"cobblemon:shuca_berry":1,"minecraft:andesite":3,"minecraft:oak_sapling":2,"pfm:furniture_book":1,"croptopia:peach":19,"minecraft:stone_pickaxe":1,"minecraft:wooden_pickaxe":2,"croptopia:pepper_seed":2,"cobblemon:mystic_water":1},"minecraft:mined":{"minecraft:dark_oak_planks":3,"croptopia:pepper_crop":2,"minecraft:spruce_planks":14,"croptopia:strawberry_crop":1,"croptopia:mustard_crop":1,"cobblemon:pc":2,"cobblemon:apricorn_log":7,"minecraft:grass_block":167,"minecraft:spawner":1,"minecraft:iron_ore":58,"minecraft:fire":3,"minecraft:spruce_slab":3,"minecraft:deepslate_redstone_ore":3,"minecraft:red_bed":2,"cobblemon:apricorn_leaves":9,"minecraft:torch":2,"minecraft:cobblestone":3,"minecraft:oak_planks":2,"minecraft:sugar_cane":2,"minecraft:wall_torch":5,"minecraft:dark_oak_door":1,"minecraft:grass":687,"minecraft:oak_log":21,"minecraft:dirt":21,"minecraft:sand":100,"minecraft:smooth_quartz":2,"minecraft:smooth_basalt":1,"minecraft:oak_leaves":4,"minecraft:deepslate":10,"croptopia:cabbage_crop":1,"cobblemon:healing_machine":7,"croptopia:cucumber_crop":2,"croptopia:orange_crop":1,"cobblemon:shiny_stone_ore":3,"minecraft:dark_oak_leaves":1,"minecraft:deepslate_diamond_ore":9,"minecraft:dark_oak_log":9,"minecraft:spruce_leaves":7,"croptopia:barley_crop":1,"minecraft:furnace":3,"croptopia:corn_crop":2,"minecraft:acacia_wood":20,"croptopia:soybean_crop":2,"croptopia:blueberry_crop":1,"minecraft:andesite":9,"minecraft:stripped_spruce_log":5,"minecraft:potatoes":58,"minecraft:deepslate_iron_ore":9,"minecraft:stone":401,"twigs:opaline_seashell":1,"minecraft:acacia_leaves":2,"minecraft:crafting_table":6,"minecraft:cornflower":2,"minecraft:tall_grass":222,"minecraft:copper_ore":15,"minecraft:lapis_ore":9,"minecraft:deepslate_gold_ore":15,"cobblemon:oran_berry":3,"croptopia:spinach_crop":1,"minecraft:spruce_stairs":9,"minecraft:coarse_dirt":6,"minecraft:spruce_log":102,"minecraft:coal_ore":114,"twigs:cobblestone_bricks":33,"cobblemon:sun_stone_ore":1,"minecraft:fern":3},"minecraft:killed_by":{"minecraft:player":3},"minecraft:broken":{"minecraft:stone_axe":1,"minecraft:iron_axe":1},"minecraft:killed":{"minecraft:spider":3,"minecraft:skeleton":10,"minecraft:chicken":11,"minecraft:pig":16,"minecraft:zombie_villager":1,"minecraft:creeper":9,"minecraft:sheep":10,"minecraft:pillager":5,"minecraft:zombie":10,"minecraft:cow":35,"minecraft:phantom":1,"cobblemon:pokemon":1,"minecraft:player":1},"minecraft:custom":{"minecraft:interact_with_crafting_table":52,"minecraft:leave_game":9,"minecraft:time_since_death":63981,"minecraft:sprint_one_cm":1087298,"minecraft:drop":248,"minecraft:play_time":526001,"minecraft:deaths":4,"minecraft:jump":8177,"minecraft:walk_on_water_one_cm":23876,"minecraft:interact_with_furnace":69,"minecraft:sleep_in_bed":7,"minecraft:damage_dealt":16156,"minecraft:player_kills":1,"minecraft:crouch_one_cm":26413,"minecraft:interact_with_smoker":9,"minecraft:horse_one_cm":298,"minecraft:mob_kills":120,"minecraft:climb_one_cm":2554,"minecraft:walk_one_cm":732950,"minecraft:sneak_time":8180,"minecraft:walk_under_water_one_cm":14789,"minecraft:boat_one_cm":16512,"minecraft:interact_with_blast_furnace":9,"minecraft:total_world_time":526001,"minecraft:time_since_rest":64019,"minecraft:damage_taken":5995,"minecraft:swim_one_cm":41955,"minecraft:fly_one_cm":2121443,"minecraft:open_chest":138,"minecraft:fall_one_cm":281815},"minecraft:used":{"minecraft:iron_shovel":212,"minecraft:spruce_slab":10,"minecraft:chest":4,"minecraft:iron_sword":47,"minecraft:stripped_spruce_log":82,"minecraft:glass":31,"minecraft:dark_oak_boat":1,"minecraft:furnace":4,"beachparty:deck_chair":2,"minecraft:potato":105,"minecraft:stone_pickaxe":68,"minecraft:oak_planks":13,"minecraft:wooden_pickaxe":6,"twigs:cobblestone_bricks":147,"minecraft:crossbow":1,"croptopia:orange":1,"cobblemon:apricorn_log":2,"minecraft:brown_wool":1,"gobber2:gobber2_staff_stars":2,"minecraft:andesite":6,"minecraft:bone_meal":15,"minecraft:flint_and_steel":3,"minecraft:stone_shovel":74,"minecraft:spruce_planks":164,"minecraft:stone_hoe":77,"minecraft:cooked_chicken":8,"minecraft:torch":22,"minecraft:dirt":155,"minecraft:spruce_stairs":118,"cobblemon:cheri_berry":5,"minecraft:dark_oak_planks":33,"minecraft:wooden_axe":22,"minecraft:bookshelf":9,"minecraft:iron_axe":197,"minecraft:smooth_quartz":2,"cobblemon:pc":3,"croptopia:strawberry":1,"minecraft:cooked_beef":14,"minecraft:cooked_mutton":10,"minecraft:water_bucket":43,"minecraft:baked_potato":11,"croptopia:walnut":8,"minecraft:spruce_sign":1,"minecraft:crafting_table":7,"minecraft:red_bed":2,"cobblemon:healing_machine":8,"minecraft:dark_oak_door":3,"minecraft:diamond_pickaxe":404,"croptopia:cabbage":1,"minecraft:iron_pickaxe":238,"minecraft:stone_axe":191,"minecraft:cobblestone":59,"minecraft:cooked_porkchop":41,"minecraft:bucket":45,"minecraft:glass_pane":68,"cobblemon:blue_apricorn_seed":1}},"DataVersion":3465}