{"stats":{"minecraft:crafted":{"minecraft:oak_planks":84,"minecraft:cooked_porkchop":10,"minecraft:dark_oak_boat":1,"minecraft:crafting_table":1,"minecraft:wooden_pickaxe":1,"minecraft:furnace":1,"minecraft:stone_axe":1,"minecraft:cooked_mutton":1,"minecraft:air":0,"minecraft:stick":20,"minecraft:iron_pickaxe":1,"minecraft:stone_pickaxe":1,"minecraft:wooden_axe":1,"minecraft:chest":2,"minecraft:iron_shovel":1,"minecraft:dark_oak_planks":60},"minecraft:used":{"minecraft:cooked_mutton":2,"minecraft:stone_pickaxe":68,"minecraft:oak_planks":13,"croptopia:walnut":8,"minecraft:chest":2,"minecraft:wooden_pickaxe":6,"minecraft:iron_sword":3,"minecraft:crafting_table":3,"minecraft:red_bed":2,"croptopia:orange":1,"minecraft:dark_oak_planks":33,"minecraft:wooden_axe":22,"minecraft:stone_axe":71,"minecraft:dark_oak_boat":1,"minecraft:furnace":2,"minecraft:cooked_porkchop":6,"croptopia:strawberry":1},"minecraft:custom":{"minecraft:interact_with_furnace":21,"minecraft:mob_kills":38,"minecraft:interact_with_crafting_table":17,"minecraft:leave_game":6,"minecraft:time_since_death":38081,"minecraft:sleep_in_bed":2,"minecraft:time_since_rest":15090,"minecraft:sprint_one_cm":107396,"minecraft:damage_taken":595,"minecraft:walk_one_cm":89282,"minecraft:drop":23,"minecraft:damage_dealt":3876,"minecraft:swim_one_cm":2733,"minecraft:fly_one_cm":291485,"minecraft:open_chest":21,"minecraft:crouch_one_cm":2368,"minecraft:play_time":55265,"minecraft:deaths":1,"minecraft:sneak_time":1004,"minecraft:walk_under_water_one_cm":429,"minecraft:boat_one_cm":16512,"minecraft:jump":1165,"minecraft:walk_on_water_one_cm":2291,"minecraft:total_world_time":55265,"minecraft:fall_one_cm":44648},"minecraft:killed":{"minecraft:pig":7,"minecraft:creeper":1,"minecraft:sheep":6,"minecraft:zombie":1,"minecraft:chicken":8,"minecraft:cow":15},"minecraft:killed_by":{"minecraft:player":1},"minecraft:dropped":{"croptopia:corn":1,"minecraft:stone_axe":1,"minecraft:wheat_seeds":18,"croptopia:corn_seed":1,"minecraft:andesite":2,"minecraft:oak_sapling":2,"croptopia:barley_seed":2,"minecraft:stone_pickaxe":1,"croptopia:barley":2,"minecraft:white_wool":12},"minecraft:picked_up":{"minecraft:crafting_table":2,"minecraft:feather":10,"minecraft:chicken":8,"croptopia:peach":17,"minecraft:andesite":2,"minecraft:leather":18,"minecraft:dark_oak_boat":1,"minecraft:oak_log":21,"croptopia:walnut":8,"cobblemon:wepear_berry":5,"minecraft:red_bed":2,"minecraft:raw_copper":20,"minecraft:cooked_mutton":1,"twigs:opaline_seashell":1,"croptopia:corn":2,"croptopia:barley":4,"minecraft:apple":3,"minecraft:wheat_seeds":22,"minecraft:beef":28,"twigs:twig":2,"minecraft:sugar_cane":5,"minecraft:oak_planks":2,"minecraft:furnace":1,"minecraft:stick":1,"minecraft:raw_iron":15,"croptopia:corn_seed":2,"croptopia:barley_seed":2,"minecraft:torch":1,"minecraft:porkchop":19,"minecraft:dark_oak_log":15,"croptopia:strawberry":1,"croptopia:strawberry_seed":2,"croptopia:orange":10,"minecraft:oak_sapling":4,"minecraft:mutton":10,"minecraft:coal":24,"minecraft:white_wool":12,"minecraft:cobblestone":30},"minecraft:mined":{"croptopia:orange_crop":1,"minecraft:red_bed":2,"croptopia:strawberry_crop":1,"minecraft:dark_oak_log":9,"minecraft:crafting_table":2,"minecraft:tall_grass":23,"minecraft:copper_ore":7,"minecraft:sugar_cane":2,"minecraft:oak_planks":2,"croptopia:spinach_crop":1,"croptopia:barley_crop":1,"minecraft:furnace":1,"minecraft:iron_ore":15,"croptopia:corn_crop":1,"minecraft:andesite":2,"minecraft:grass":62,"minecraft:coal_ore":17,"minecraft:oak_log":21,"minecraft:stone":32,"minecraft:oak_leaves":4,"twigs:opaline_seashell":1,"minecraft:fern":1}},"DataVersion":3465}