{"stats":{"minecraft:killed":{"minecraft:spider":3,"minecraft:skeleton":9,"minecraft:chicken":11,"minecraft:pig":16,"minecraft:creeper":7,"minecraft:sheep":10,"minecraft:zombie":9,"minecraft:player":1,"minecraft:cow":33},"minecraft:mined":{"minecraft:dark_oak_planks":3,"cobblemon:healing_machine":4,"minecraft:spruce_planks":7,"croptopia:orange_crop":1,"minecraft:dark_oak_leaves":1,"cobblemon:shiny_stone_ore":2,"minecraft:deepslate_diamond_ore":9,"croptopia:strawberry_crop":1,"croptopia:mustard_crop":1,"minecraft:dark_oak_log":9,"minecraft:grass_block":91,"minecraft:spruce_leaves":7,"minecraft:spawner":1,"croptopia:barley_crop":1,"minecraft:furnace":2,"minecraft:iron_ore":56,"croptopia:corn_crop":2,"croptopia:soybean_crop":2,"croptopia:blueberry_crop":1,"minecraft:andesite":9,"minecraft:potatoes":29,"minecraft:deepslate_iron_ore":9,"minecraft:stone":124,"minecraft:spruce_slab":1,"twigs:opaline_seashell":1,"minecraft:deepslate_redstone_ore":3,"minecraft:red_bed":2,"minecraft:cornflower":1,"minecraft:crafting_table":5,"minecraft:torch":2,"minecraft:tall_grass":181,"minecraft:copper_ore":7,"minecraft:cobblestone":1,"minecraft:deepslate_gold_ore":15,"minecraft:lapis_ore":9,"minecraft:sugar_cane":2,"minecraft:oak_planks":2,"cobblemon:oran_berry":3,"minecraft:wall_torch":4,"croptopia:spinach_crop":1,"minecraft:spruce_stairs":7,"minecraft:dark_oak_door":1,"minecraft:spruce_log":102,"minecraft:grass":527,"minecraft:coal_ore":90,"minecraft:oak_log":21,"minecraft:sand":50,"minecraft:dirt":12,"minecraft:smooth_basalt":1,"minecraft:oak_leaves":4,"minecraft:deepslate":10,"minecraft:fern":2,"croptopia:cabbage_crop":1},"minecraft:picked_up":{"minecraft:crafting_table":5,"minecraft:coarse_dirt":4,"minecraft:azure_bluet":1,"cobblemon:magnet":1,"minecraft:chicken":34,"croptopia:peach":19,"cobblemon:yellow_apricorn":2,"cobblemon:red_apricorn":2,"croptopia:cabbage_seed":2,"cobblemon:wepear_berry":5,"minecraft:cornflower":1,"minecraft:string":3,"minecraft:red_bed":2,"minecraft:raw_copper":20,"croptopia:soybean":3,"twigs:opaline_seashell":1,"cobblemon:roseli_berry":1,"minecraft:cobbled_deepslate":33,"minecraft:spruce_planks":7,"minecraft:beef":71,"cobblemon:oran_berry":113,"croptopia:blueberry":1,"minecraft:spruce_slab":1,"croptopia:mustard_seed":1,"cobblemon:quick_ball":6,"minecraft:sugar_cane":5,"minecraft:egg":7,"minecraft:furnace":2,"minecraft:dark_oak_door":1,"minecraft:stick":21,"minecraft:raw_iron":80,"croptopia:corn_seed":3,"croptopia:barley_seed":2,"croptopia:soybean_seed":5,"minecraft:torch":7,"minecraft:spruce_stairs":7,"minecraft:porkchop":44,"minecraft:carrot":1,"minecraft:redstone":8,"croptopia:strawberry":1,"minecraft:rabbit_foot":2,"minecraft:dark_oak_planks":3,"minecraft:arrow":5,"minecraft:rotten_flesh":2,"cobblemon:everstone":1,"croptopia:strawberry_seed":2,"minecraft:mutton":30,"cobblemon:verdant_ball":1,"croptopia:cabbage":1,"minecraft:white_wool":32,"minecraft:cobblestone":159,"minecraft:feather":28,"cobblemon:great_ball":21,"minecraft:andesite":9,"minecraft:brown_wool":5,"minecraft:leather":38,"minecraft:dark_oak_boat":1,"minecraft:potato":84,"cobblemon:roseate_ball":1,"minecraft:flint":1,"minecraft:oak_log":21,"croptopia:walnut":8,"minecraft:gunpowder":5,"croptopia:blueberry_seed":2,"minecraft:lapis_lazuli":56,"minecraft:dirt":134,"minecraft:cooked_mutton":1,"minecraft:bone":5,"croptopia:corn":2,"croptopia:barley":6,"minecraft:apple":3,"minecraft:wheat_seeds":95,"minecraft:raw_gold":15,"minecraft:rabbit_hide":6,"minecraft:iron_ingot":1,"minecraft:rabbit":8,"twigs:twig":20,"minecraft:oak_planks":2,"cobblemon:chilan_berry":1,"minecraft:smooth_basalt":1,"minecraft:cooked_porkchop":27,"minecraft:sweet_berries":5,"minecraft:poisonous_potato":1,"croptopia:mustard":1,"minecraft:dandelion":1,"cobblemon:shiny_stone":2,"cobblemon:cheri_berry":19,"minecraft:sand":49,"minecraft:amethyst_shard":2,"cobblemon:persim_berry":5,"minecraft:spruce_sapling":30,"minecraft:spruce_log":99,"minecraft:dark_oak_log":15,"cobblemon:shuca_berry":1,"cobblemon:healing_machine":5,"minecraft:diamond":9,"cobblemon:poke_ball":34,"croptopia:orange":11,"minecraft:oak_sapling":4,"minecraft:coal":125},"minecraft:broken":{"minecraft:iron_axe":1},"minecraft:killed_by":{"minecraft:player":1},"minecraft:custom":{"minecraft:mob_kills":101,"minecraft:interact_with_crafting_table":46,"minecraft:leave_game":7,"minecraft:time_since_death":309727,"minecraft:sprint_one_cm":776320,"minecraft:walk_one_cm":479672,"minecraft:drop":86,"minecraft:play_time":326911,"minecraft:deaths":1,"minecraft:sneak_time":4760,"minecraft:walk_under_water_one_cm":11532,"minecraft:boat_one_cm":16512,"minecraft:jump":6138,"minecraft:interact_with_blast_furnace":5,"minecraft:walk_on_water_one_cm":14811,"minecraft:total_world_time":326911,"minecraft:interact_with_furnace":59,"minecraft:sleep_in_bed":5,"minecraft:time_since_rest":129402,"minecraft:damage_taken":2761,"minecraft:damage_dealt":13656,"minecraft:swim_one_cm":27511,"minecraft:fly_one_cm":1617583,"minecraft:player_kills":1,"minecraft:open_chest":90,"minecraft:crouch_one_cm":13426,"minecraft:interact_with_smoker":2,"minecraft:fall_one_cm":207860,"minecraft:horse_one_cm":298},"minecraft:crafted":{"minecraft:smooth_stone":2,"minecraft:oak_planks":84,"minecraft:stone_shovel":1,"minecraft:dark_oak_boat":1,"minecraft:cooked_chicken":8,"minecraft:furnace":2,"minecraft:stone":2,"minecraft:bone_meal":15,"minecraft:cooked_mutton":9,"minecraft:glass":49,"minecraft:dark_oak_door":3,"minecraft:spruce_stairs":112,"minecraft:iron_axe":1,"minecraft:spruce_slab":12,"minecraft:stone_pickaxe":1,"minecraft:chest":2,"minecraft:dark_oak_planks":64,"minecraft:stone_hoe":1,"minecraft:cooked_beef":2,"minecraft:cooked_porkchop":26,"minecraft:crafting_table":2,"minecraft:enchanting_table":1,"minecraft:spruce_planks":396,"minecraft:baked_potato":11,"minecraft:wooden_pickaxe":1,"cobblemon:pc":1,"minecraft:bucket":2,"minecraft:stone_axe":2,"minecraft:air":0,"minecraft:diamond_pickaxe":1,"minecraft:iron_chestplate":1,"minecraft:book":1,"minecraft:paper":3,"minecraft:charcoal":8,"minecraft:stick":112,"minecraft:iron_ingot":41,"minecraft:iron_pickaxe":1,"minecraft:wooden_axe":1,"minecraft:iron_leggings":1,"minecraft:iron_shovel":1,"minecraft:gold_ingot":12,"minecraft:torch":12},"minecraft:dropped":{"minecraft:iron_ingot":1,"minecraft:porkchop":1,"minecraft:wheat_seeds":63,"croptopia:soybean_seed":5,"croptopia:cabbage":1,"cobblemon:oran_berry":7,"minecraft:flint":1,"minecraft:cornflower":1,"minecraft:rabbit":1,"minecraft:brown_wool":4,"croptopia:barley_seed":2,"croptopia:mustard_seed":1,"minecraft:string":1,"minecraft:white_wool":19,"croptopia:soybean":3,"minecraft:dandelion":1,"minecraft:smooth_basalt":1,"croptopia:corn":1,"minecraft:stone_axe":1,"minecraft:sweet_berries":5,"minecraft:sugar_cane":2,"croptopia:cabbage_seed":2,"minecraft:stone_shovel":1,"cobblemon:cheri_berry":11,"minecraft:rotten_flesh":2,"croptopia:corn_seed":2,"minecraft:azure_bluet":1,"croptopia:blueberry_seed":2,"minecraft:carrot":1,"minecraft:rabbit_foot":1,"minecraft:rabbit_hide":6,"croptopia:blueberry":1,"minecraft:gunpowder":4,"minecraft:andesite":3,"minecraft:oak_sapling":2,"croptopia:peach":19,"minecraft:glass":18,"minecraft:stone_pickaxe":1,"croptopia:barley":4,"croptopia:mustard":1},"minecraft:used":{"minecraft:iron_shovel":92,"minecraft:spruce_slab":10,"minecraft:stone_shovel":47,"minecraft:chest":2,"minecraft:spruce_planks":121,"minecraft:iron_sword":46,"minecraft:cooked_chicken":8,"minecraft:stone_hoe":77,"minecraft:torch":12,"minecraft:dirt":90,"minecraft:spruce_stairs":113,"cobblemon:cheri_berry":5,"minecraft:glass":30,"minecraft:dark_oak_planks":33,"minecraft:wooden_axe":22,"minecraft:iron_axe":197,"cobblemon:pc":1,"minecraft:dark_oak_boat":1,"minecraft:furnace":3,"croptopia:strawberry":1,"minecraft:potato":78,"minecraft:cooked_mutton":10,"minecraft:water_bucket":38,"minecraft:stone_pickaxe":68,"minecraft:oak_planks":13,"croptopia:walnut":8,"minecraft:wooden_pickaxe":6,"minecraft:crafting_table":6,"minecraft:red_bed":2,"minecraft:crossbow":1,"cobblemon:healing_machine":5,"croptopia:orange":1,"minecraft:dark_oak_door":3,"minecraft:diamond_pickaxe":44,"minecraft:brown_wool":1,"minecraft:iron_pickaxe":238,"minecraft:stone_axe":106,"minecraft:cobblestone":41,"minecraft:cooked_porkchop":35,"minecraft:bucket":40,"minecraft:andesite":6,"minecraft:bone_meal":15,"cobblemon:blue_apricorn_seed":1}},"DataVersion":3465}