{"stats":{"minecraft:killed":{"minecraft:spider":3,"minecraft:phantom":1,"minecraft:skeleton":9,"minecraft:chicken":11,"minecraft:pig":16,"minecraft:zombie_villager":1,"minecraft:creeper":7,"minecraft:sheep":10,"minecraft:pillager":5,"minecraft:zombie":10,"minecraft:player":1,"minecraft:cow":35},"minecraft:killed_by":{"minecraft:player":1},"minecraft:mined":{"minecraft:dark_oak_planks":3,"cobblemon:healing_machine":6,"croptopia:cucumber_crop":2,"croptopia:pepper_crop":2,"minecraft:spruce_planks":7,"croptopia:orange_crop":1,"minecraft:dark_oak_leaves":1,"cobblemon:shiny_stone_ore":3,"minecraft:deepslate_diamond_ore":9,"croptopia:strawberry_crop":1,"croptopia:mustard_crop":1,"minecraft:dark_oak_log":9,"minecraft:grass_block":91,"minecraft:spruce_leaves":7,"minecraft:spawner":1,"croptopia:barley_crop":1,"minecraft:furnace":3,"minecraft:iron_ore":56,"croptopia:corn_crop":2,"croptopia:soybean_crop":2,"minecraft:andesite":9,"croptopia:blueberry_crop":1,"minecraft:potatoes":29,"minecraft:deepslate_iron_ore":9,"minecraft:stone":125,"minecraft:spruce_slab":1,"twigs:opaline_seashell":1,"minecraft:deepslate_redstone_ore":3,"minecraft:red_bed":2,"minecraft:cornflower":1,"minecraft:crafting_table":6,"minecraft:torch":2,"minecraft:tall_grass":214,"minecraft:copper_ore":7,"minecraft:cobblestone":1,"minecraft:deepslate_gold_ore":15,"minecraft:lapis_ore":9,"minecraft:sugar_cane":2,"minecraft:oak_planks":2,"cobblemon:oran_berry":3,"minecraft:wall_torch":4,"croptopia:spinach_crop":1,"minecraft:spruce_stairs":7,"minecraft:dark_oak_door":1,"minecraft:spruce_log":102,"minecraft:grass":601,"minecraft:oak_log":21,"minecraft:coal_ore":93,"minecraft:smooth_quartz":2,"minecraft:sand":50,"minecraft:dirt":12,"minecraft:smooth_basalt":1,"minecraft:oak_leaves":4,"minecraft:deepslate":10,"minecraft:fern":3,"croptopia:cabbage_crop":1},"minecraft:custom":{"minecraft:mob_kills":116,"minecraft:interact_with_crafting_table":47,"minecraft:leave_game":8,"minecraft:time_since_death":384964,"minecraft:climb_one_cm":528,"minecraft:sprint_one_cm":934921,"minecraft:walk_one_cm":569056,"minecraft:drop":108,"minecraft:play_time":402148,"minecraft:deaths":1,"minecraft:sneak_time":5148,"minecraft:walk_under_water_one_cm":14789,"minecraft:boat_one_cm":16512,"minecraft:jump":7572,"minecraft:interact_with_blast_furnace":5,"minecraft:walk_on_water_one_cm":23503,"minecraft:total_world_time":402148,"minecraft:interact_with_furnace":62,"minecraft:sleep_in_bed":6,"minecraft:time_since_rest":6563,"minecraft:damage_taken":3999,"minecraft:damage_dealt":15394,"minecraft:swim_one_cm":41955,"minecraft:player_kills":1,"minecraft:fly_one_cm":1940030,"minecraft:open_chest":91,"minecraft:crouch_one_cm":14263,"minecraft:interact_with_smoker":2,"minecraft:fall_one_cm":254324,"minecraft:horse_one_cm":298},"minecraft:crafted":{"minecraft:smooth_stone":2,"minecraft:oak_planks":84,"minecraft:stone_shovel":1,"minecraft:dark_oak_boat":1,"minecraft:cooked_chicken":8,"minecraft:furnace":3,"minecraft:stone":2,"minecraft:bone_meal":15,"minecraft:cooked_mutton":9,"minecraft:dark_oak_door":3,"minecraft:glass":49,"minecraft:spruce_stairs":112,"minecraft:iron_axe":1,"minecraft:spruce_slab":12,"minecraft:stone_pickaxe":1,"minecraft:chest":2,"minecraft:dark_oak_planks":64,"minecraft:stone_hoe":1,"minecraft:cooked_beef":14,"minecraft:cooked_porkchop":26,"minecraft:crafting_table":2,"minecraft:enchanting_table":1,"minecraft:spruce_planks":396,"minecraft:wooden_pickaxe":1,"minecraft:baked_potato":11,"cobblemon:pc":1,"minecraft:bucket":2,"minecraft:stone_axe":2,"minecraft:air":0,"minecraft:iron_chestplate":1,"minecraft:book":1,"minecraft:paper":3,"minecraft:charcoal":8,"minecraft:diamond_pickaxe":1,"minecraft:stick":112,"minecraft:iron_ingot":41,"minecraft:iron_pickaxe":1,"minecraft:wooden_axe":1,"minecraft:iron_leggings":1,"minecraft:iron_shovel":1,"minecraft:gold_ingot":12,"minecraft:torch":12},"minecraft:dropped":{"minecraft:iron_ingot":1,"minecraft:porkchop":1,"minecraft:wheat_seeds":75,"croptopia:cucumber":2,"minecraft:feather":14,"cobblemon:persim_berry":5,"minecraft:leather":14,"croptopia:soybean_seed":5,"croptopia:cabbage":1,"cobblemon:oran_berry":7,"cobblemon:silver_powder":1,"minecraft:flint":1,"minecraft:cornflower":1,"minecraft:rabbit":3,"minecraft:brown_wool":6,"croptopia:barley_seed":2,"croptopia:mustard_seed":1,"minecraft:string":1,"minecraft:pink_petals":9,"minecraft:white_wool":29,"croptopia:soybean":3,"minecraft:dandelion":1,"minecraft:smooth_basalt":1,"croptopia:corn":1,"minecraft:stone_axe":1,"cobblemon:wepear_berry":1,"minecraft:sweet_berries":5,"minecraft:sugar_cane":2,"minecraft:cobbled_deepslate":33,"croptopia:cucumber_seed":2,"minecraft:stone_shovel":1,"croptopia:cabbage_seed":2,"cobblemon:cheri_berry":11,"minecraft:rotten_flesh":2,"croptopia:corn_seed":2,"minecraft:azure_bluet":1,"minecraft:carrot":1,"croptopia:blueberry_seed":2,"minecraft:rabbit_foot":2,"minecraft:rabbit_hide":6,"minecraft:gunpowder":4,"croptopia:blueberry":1,"cobblemon:shuca_berry":1,"minecraft:andesite":3,"minecraft:oak_sapling":2,"croptopia:peach":19,"minecraft:glass":18,"minecraft:stone_pickaxe":1,"croptopia:pepper_seed":2,"croptopia:barley":4,"croptopia:mustard":1,"minecraft:egg":11},"minecraft:picked_up":{"minecraft:crafting_table":6,"minecraft:coarse_dirt":4,"minecraft:azure_bluet":1,"minecraft:chicken":34,"croptopia:peach":19,"cobblemon:yellow_apricorn":2,"cobblemon:magnet":1,"cobblemon:red_apricorn":2,"cobblemon:charti_berry":1,"croptopia:cabbage_seed":2,"minecraft:cornflower":1,"cobblemon:wepear_berry":6,"minecraft:string":3,"minecraft:red_bed":2,"minecraft:raw_copper":20,"croptopia:soybean":3,"twigs:opaline_seashell":1,"cobblemon:roseli_berry":1,"minecraft:cobbled_deepslate":33,"minecraft:spruce_planks":7,"minecraft:beef":104,"cobblemon:oran_berry":113,"croptopia:pepper_seed":2,"minecraft:smooth_quartz":2,"croptopia:blueberry":1,"minecraft:spruce_slab":1,"croptopia:mustard_seed":1,"cobblemon:quick_ball":6,"minecraft:sugar_cane":5,"minecraft:egg":11,"minecraft:furnace":3,"minecraft:dark_oak_door":1,"cobblemon:silver_powder":1,"minecraft:stick":22,"minecraft:raw_iron":80,"croptopia:corn_seed":3,"croptopia:cucumber":2,"croptopia:barley_seed":2,"croptopia:soybean_seed":5,"minecraft:torch":7,"minecraft:spruce_stairs":7,"minecraft:porkchop":44,"rctmod:trainer_card":1,"minecraft:carrot":1,"minecraft:redstone":8,"croptopia:strawberry":1,"minecraft:rabbit_foot":2,"minecraft:dark_oak_planks":3,"minecraft:honey_bottle":2,"minecraft:arrow":5,"minecraft:rotten_flesh":7,"cobblemon:everstone":1,"croptopia:strawberry_seed":2,"croptopia:pepper":1,"minecraft:mutton":32,"cobblemon:verdant_ball":1,"minecraft:white_wool":34,"croptopia:cabbage":1,"minecraft:cobblestone":176,"minecraft:pink_petals":9,"minecraft:feather":28,"cobblemon:great_ball":22,"minecraft:andesite":9,"minecraft:brown_wool":7,"minecraft:leather":54,"minecraft:dark_oak_boat":1,"minecraft:potato":84,"cobblemon:roseate_ball":1,"minecraft:flint":1,"minecraft:oak_log":21,"croptopia:walnut":8,"minecraft:gunpowder":5,"croptopia:blueberry_seed":2,"minecraft:lapis_lazuli":56,"minecraft:dirt":134,"minecraft:cooked_mutton":1,"minecraft:bone":5,"croptopia:corn":2,"minecraft:apple":3,"croptopia:barley":6,"minecraft:wheat_seeds":105,"minecraft:raw_gold":15,"minecraft:rabbit_hide":6,"minecraft:iron_ingot":1,"minecraft:rabbit":8,"twigs:twig":20,"minecraft:oak_planks":2,"cobblemon:poison_barb":2,"cobblemon:chilan_berry":1,"minecraft:smooth_basalt":1,"minecraft:cooked_porkchop":27,"minecraft:sweet_berries":5,"croptopia:cucumber_seed":2,"croptopia:mustard":1,"minecraft:dandelion":1,"cobblemon:shiny_stone":3,"minecraft:poisonous_potato":1,"cobblemon:cheri_berry":31,"minecraft:sand":49,"minecraft:amethyst_shard":2,"cobblemon:persim_berry":5,"minecraft:spruce_sapling":30,"minecraft:spruce_log":99,"minecraft:dark_oak_log":15,"cobblemon:shuca_berry":1,"cobblemon:healing_machine":7,"minecraft:diamond":9,"cobblemon:poke_ball":34,"croptopia:orange":11,"minecraft:oak_sapling":4,"minecraft:coal":140},"minecraft:broken":{"minecraft:iron_axe":1},"minecraft:used":{"minecraft:iron_shovel":92,"minecraft:spruce_slab":10,"minecraft:stone_shovel":47,"minecraft:chest":2,"minecraft:spruce_planks":121,"minecraft:iron_sword":46,"minecraft:cooked_chicken":8,"minecraft:stone_hoe":77,"minecraft:torch":17,"minecraft:dirt":90,"minecraft:spruce_stairs":113,"cobblemon:cheri_berry":5,"minecraft:glass":30,"minecraft:dark_oak_planks":33,"minecraft:wooden_axe":22,"minecraft:iron_axe":197,"minecraft:smooth_quartz":2,"cobblemon:pc":1,"minecraft:dark_oak_boat":1,"minecraft:furnace":4,"minecraft:cooked_beef":11,"croptopia:strawberry":1,"minecraft:potato":78,"minecraft:cooked_mutton":10,"minecraft:water_bucket":42,"minecraft:stone_pickaxe":68,"croptopia:walnut":8,"minecraft:oak_planks":13,"minecraft:wooden_pickaxe":6,"minecraft:crafting_table":7,"minecraft:red_bed":2,"minecraft:crossbow":1,"cobblemon:healing_machine":6,"croptopia:orange":1,"minecraft:dark_oak_door":3,"minecraft:diamond_pickaxe":57,"minecraft:brown_wool":1,"minecraft:iron_pickaxe":238,"minecraft:stone_axe":152,"minecraft:cobblestone":57,"minecraft:cooked_porkchop":41,"minecraft:bucket":44,"minecraft:andesite":6,"minecraft:bone_meal":15,"cobblemon:blue_apricorn_seed":1}},"DataVersion":3465}