{
  "uuid": "88a8b21f-e466-3bfc-864f-f902c766a4c6",
  "starterPrompted": true,
  "starterLocked": false,
  "starterSelected": true,
  "starterUUID": "a97af889-951a-4fd1-969a-03affa8147da",
  "keyItems": [],
  "battleTheme": "cobblemon:battle.pvp.default",
  "extraData": {},
  "advancementData": {
    "totalCaptureCount": 0,
    "totalEggsHatched": 0,
    "totalEvolvedCount": 0,
    "totalBattleVictoryCount": 11,
    "totalPvPBattleVictoryCount": 1,
    "totalPvWBattleVictoryCount": 10,
    "totalPvNBattleVictoryCount": 0,
    "totalShinyCaptureCount": 0,
    "totalTradedCount": 0,
    "totalTypeCaptureCounts": {},
    "totalDefeatedCounts": {
      "cobblemon:patrat": 2,
      "cobblemon:combee": 1,
      "cobblemon:eevee": 1,
      "cobblemon:mareep": 1,
      "cobblemon:lechonk": 1,
      "cobblemon:tandemaus": 1,
      "cobblemon:zigzagoon": 2,
      "cobblemon:taillow": 1
    },
    "aspectsCollected": {}
  }
}