{
  "uuid": "88a8b21f-e466-3bfc-864f-f902c766a4c6",
  "starterPrompted": true,
  "starterLocked": false,
  "starterSelected": true,
  "starterUUID": "a97af889-951a-4fd1-969a-03affa8147da",
  "keyItems": [],
  "battleTheme": "cobblemon:battle.pvp.default",
  "extraData": {},
  "advancementData": {
    "totalCaptureCount": 6,
    "totalEggsHatched": 0,
    "totalEvolvedCount": 4,
    "totalBattleVictoryCount": 103,
    "totalPvPBattleVictoryCount": 1,
    "totalPvWBattleVictoryCount": 102,
    "totalPvNBattleVictoryCount": 0,
    "totalShinyCaptureCount": 0,
    "totalTradedCount": 2,
    "totalTypeCaptureCounts": {
      "electric": 1,
      "normal": 2,
      "ice": 1,
      "ground": 1,
      "ghost": 1,
      "flying": 1,
      "water": 1,
      "psychic": 1
    },
    "totalDefeatedCounts": {
      "cobblemon:patrat": 6,
      "cobblemon:combee": 1,
      "cobblemon:eevee": 1,
      "cobblemon:mareep": 4,
      "cobblemon:lechonk": 5,
      "cobblemon:tandemaus": 1,
      "cobblemon:zigzagoon": 11,
      "cobblemon:taillow": 4,
      "cobblemon:swinub": 2,
      "cobblemon:miltank": 1,
      "cobblemon:linoone": 1,
      "cobblemon:swellow": 1,
      "cobblemon:bunnelby": 6,
      "cobblemon:pidgey": 3,
      "cobblemon:nickit": 2,
      "cobblemon:pidove": 1,
      "cobblemon:sableye": 1,
      "cobblemon:ponyta": 2,
      "cobblemon:tauros": 1,
      "cobblemon:diglett": 1,
      "cobblemon:igglybuff": 1,
      "cobblemon:diggersby": 1,
      "cobblemon:probopass": 1,
      "cobblemon:vivillon": 1,
      "cobblemon:buneary": 2,
      "cobblemon:graveler": 1,
      "cobblemon:starly": 5,
      "cobblemon:wimpod": 1,
      "cobblemon:rookidee": 8,
      "cobblemon:wingull": 9,
      "cobblemon:crabrawler": 4,
      "cobblemon:vulpix": 1,
      "cobblemon:rattata": 1,
      "cobblemon:slowpoke": 2,
      "cobblemon:pyukumuku": 1,
      "cobblemon:fletchling": 1,
      "cobblemon:krabby": 1
    },
    "aspectsCollected": {}
  }
}