{
  "uuid": "88a8b21f-e466-3bfc-864f-f902c766a4c6",
  "starterPrompted": true,
  "starterLocked": false,
  "starterSelected": true,
  "starterUUID": "a97af889-951a-4fd1-969a-03affa8147da",
  "keyItems": [],
  "battleTheme": "cobblemon:battle.pvp.default",
  "extraData": {},
  "advancementData": {
    "totalCaptureCount": 10,
    "totalEggsHatched": 0,
    "totalEvolvedCount": 9,
    "totalBattleVictoryCount": 169,
    "totalPvPBattleVictoryCount": 2,
    "totalPvWBattleVictoryCount": 167,
    "totalPvNBattleVictoryCount": 0,
    "totalShinyCaptureCount": 0,
    "totalTradedCount": 3,
    "totalTypeCaptureCounts": {
      "electric": 1,
      "normal": 4,
      "ice": 1,
      "ground": 2,
      "ghost": 1,
      "flying": 2,
      "water": 1,
      "psychic": 1,
      "fighting": 1,
      "dark": 1
    },
    "totalDefeatedCounts": {
      "cobblemon:patrat": 6,
      "cobblemon:combee": 5,
      "cobblemon:eevee": 1,
      "cobblemon:mareep": 13,
      "cobblemon:lechonk": 6,
      "cobblemon:tandemaus": 1,
      "cobblemon:zigzagoon": 13,
      "cobblemon:taillow": 5,
      "cobblemon:swinub": 2,
      "cobblemon:miltank": 3,
      "cobblemon:linoone": 3,
      "cobblemon:swellow": 2,
      "cobblemon:bunnelby": 6,
      "cobblemon:pidgey": 5,
      "cobblemon:nickit": 2,
      "cobblemon:pidove": 1,
      "cobblemon:sableye": 1,
      "cobblemon:ponyta": 5,
      "cobblemon:tauros": 3,
      "cobblemon:diglett": 1,
      "cobblemon:igglybuff": 2,
      "cobblemon:diggersby": 1,
      "cobblemon:probopass": 1,
      "cobblemon:vivillon": 1,
      "cobblemon:buneary": 2,
      "cobblemon:graveler": 1,
      "cobblemon:starly": 5,
      "cobblemon:wimpod": 1,
      "cobblemon:rookidee": 8,
      "cobblemon:wingull": 10,
      "cobblemon:crabrawler": 5,
      "cobblemon:vulpix": 1,
      "cobblemon:rattata": 1,
      "cobblemon:slowpoke": 2,
      "cobblemon:pyukumuku": 1,
      "cobblemon:fletchling": 1,
      "cobblemon:krabby": 2,
      "cobblemon:bouffalant": 9,
      "cobblemon:cottonee": 1,
      "cobblemon:exeggcute": 1,
      "cobblemon:yanma": 1,
      "cobblemon:whimsicott": 1,
      "cobblemon:flaaffy": 1,
      "cobblemon:electabuzz": 1,
      "cobblemon:butterfree": 2,
      "cobblemon:beedrill": 1,
      "cobblemon:wooloo": 1,
      "cobblemon:deerling": 2,
      "cobblemon:mudbray": 1,
      "cobblemon:phanpy": 1,
      "cobblemon:impidimp": 1,
      "cobblemon:elekid": 1,
      "cobblemon:oinkologne": 1,
      "cobblemon:rapidash": 1,
      "cobblemon:misdreavus": 1
    },
    "aspectsCollected": {}
  }
}