{
  "uuid": "88a8b21f-e466-3bfc-864f-f902c766a4c6",
  "starterPrompted": true,
  "starterLocked": false,
  "starterSelected": true,
  "starterUUID": "a97af889-951a-4fd1-969a-03affa8147da",
  "keyItems": [],
  "battleTheme": "cobblemon:battle.pvp.default",
  "extraData": {},
  "advancementData": {
    "totalCaptureCount": 3,
    "totalEggsHatched": 0,
    "totalEvolvedCount": 2,
    "totalBattleVictoryCount": 26,
    "totalPvPBattleVictoryCount": 1,
    "totalPvWBattleVictoryCount": 25,
    "totalPvNBattleVictoryCount": 0,
    "totalShinyCaptureCount": 0,
    "totalTradedCount": 0,
    "totalTypeCaptureCounts": {
      "electric": 1,
      "normal": 1,
      "ice": 1,
      "ground": 1
    },
    "totalDefeatedCounts": {
      "cobblemon:patrat": 4,
      "cobblemon:combee": 1,
      "cobblemon:eevee": 1,
      "cobblemon:mareep": 4,
      "cobblemon:lechonk": 4,
      "cobblemon:tandemaus": 1,
      "cobblemon:zigzagoon": 3,
      "cobblemon:taillow": 2,
      "cobblemon:swinub": 1,
      "cobblemon:miltank": 1
    },
    "aspectsCollected": {}
  }
}