{
  "uuid": "27a1a736-29a6-3bc2-94ad-d8e327617b32",
  "starterPrompted": true,
  "starterLocked": false,
  "starterSelected": true,
  "starterUUID": "3aa39005-d03c-470c-9c77-a166bfa8c9c3",
  "keyItems": [],
  "battleTheme": "cobblemon:battle.pvp.default",
  "extraData": {},
  "advancementData": {
    "totalCaptureCount": 3,
    "totalEggsHatched": 0,
    "totalEvolvedCount": 4,
    "totalBattleVictoryCount": 74,
    "totalPvPBattleVictoryCount": 2,
    "totalPvWBattleVictoryCount": 72,
    "totalPvNBattleVictoryCount": 0,
    "totalShinyCaptureCount": 0,
    "totalTradedCount": 2,
    "totalTypeCaptureCounts": {
      "electric": 1,
      "water": 1,
      "ghost": 1,
      "poison": 1
    },
    "totalDefeatedCounts": {
      "cobblemon:geodude": 1,
      "cobblemon:taillow": 6,
      "cobblemon:mareep": 3,
      "cobblemon:rookidee": 2,
      "cobblemon:pidgey": 6,
      "cobblemon:bunnelby": 4,
      "cobblemon:lechonk": 1,
      "cobblemon:zigzagoon": 3,
      "cobblemon:buneary": 3,
      "cobblemon:butterfree": 4,
      "cobblemon:magikarp": 3,
      "cobblemon:machop": 1,
      "cobblemon:patrat": 2,
      "cobblemon:hoothoot": 1,
      "cobblemon:deerling": 4,
      "cobblemon:tauros": 1,
      "cobblemon:gastly": 1,
      "cobblemon:fletchling": 1,
      "cobblemon:pidgeotto": 1,
      "cobblemon:vivillon": 2,
      "cobblemon:wooloo": 2,
      "cobblemon:raticate": 1,
      "cobblemon:oddish": 1,
      "cobblemon:miltank": 1,
      "cobblemon:starly": 1,
      "cobblemon:exeggutor": 1,
      "cobblemon:rattata": 1,
      "cobblemon:zubat": 3,
      "cobblemon:ditto": 1,
      "cobblemon:wingull": 1,
      "cobblemon:joltik": 1,
      "cobblemon:diglett": 1,
      "cobblemon:corvisquire": 1,
      "cobblemon:natu": 1,
      "cobblemon:kakuna": 1
    },
    "aspectsCollected": {}
  }
}