{
  "uuid": "27a1a736-29a6-3bc2-94ad-d8e327617b32",
  "starterPrompted": true,
  "starterLocked": false,
  "starterSelected": true,
  "starterUUID": "3aa39005-d03c-470c-9c77-a166bfa8c9c3",
  "keyItems": [],
  "battleTheme": "cobblemon:battle.pvp.default",
  "extraData": {},
  "advancementData": {
    "totalCaptureCount": 2,
    "totalEggsHatched": 0,
    "totalEvolvedCount": 2,
    "totalBattleVictoryCount": 26,
    "totalPvPBattleVictoryCount": 0,
    "totalPvWBattleVictoryCount": 26,
    "totalPvNBattleVictoryCount": 0,
    "totalShinyCaptureCount": 0,
    "totalTradedCount": 0,
    "totalTypeCaptureCounts": {
      "electric": 1,
      "water": 1
    },
    "totalDefeatedCounts": {
      "cobblemon:geodude": 1,
      "cobblemon:taillow": 3,
      "cobblemon:mareep": 2,
      "cobblemon:rookidee": 1,
      "cobblemon:pidgey": 3,
      "cobblemon:bunnelby": 3,
      "cobblemon:lechonk": 1,
      "cobblemon:zigzagoon": 1,
      "cobblemon:buneary": 1,
      "cobblemon:butterfree": 1,
      "cobblemon:magikarp": 3,
      "cobblemon:machop": 1,
      "cobblemon:patrat": 1,
      "cobblemon:hoothoot": 1,
      "cobblemon:deerling": 1
    },
    "aspectsCollected": {}
  }
}