{
  "uuid": "27a1a736-29a6-3bc2-94ad-d8e327617b32",
  "starterPrompted": true,
  "starterLocked": false,
  "starterSelected": true,
  "starterUUID": "3aa39005-d03c-470c-9c77-a166bfa8c9c3",
  "keyItems": [],
  "battleTheme": "cobblemon:battle.pvp.default",
  "extraData": {},
  "advancementData": {
    "totalCaptureCount": 5,
    "totalEggsHatched": 0,
    "totalEvolvedCount": 4,
    "totalBattleVictoryCount": 108,
    "totalPvPBattleVictoryCount": 2,
    "totalPvWBattleVictoryCount": 106,
    "totalPvNBattleVictoryCount": 0,
    "totalShinyCaptureCount": 1,
    "totalTradedCount": 3,
    "totalTypeCaptureCounts": {
      "electric": 1,
      "water": 2,
      "ghost": 1,
      "poison": 1,
      "dark": 1,
      "rock": 1,
      "ground": 1
    },
    "totalDefeatedCounts": {
      "cobblemon:geodude": 1,
      "cobblemon:taillow": 7,
      "cobblemon:mareep": 3,
      "cobblemon:rookidee": 2,
      "cobblemon:pidgey": 9,
      "cobblemon:bunnelby": 6,
      "cobblemon:lechonk": 1,
      "cobblemon:zigzagoon": 5,
      "cobblemon:buneary": 3,
      "cobblemon:butterfree": 5,
      "cobblemon:magikarp": 3,
      "cobblemon:machop": 1,
      "cobblemon:patrat": 2,
      "cobblemon:hoothoot": 1,
      "cobblemon:deerling": 4,
      "cobblemon:tauros": 2,
      "cobblemon:gastly": 3,
      "cobblemon:fletchling": 1,
      "cobblemon:pidgeotto": 1,
      "cobblemon:vivillon": 5,
      "cobblemon:wooloo": 2,
      "cobblemon:raticate": 1,
      "cobblemon:oddish": 1,
      "cobblemon:miltank": 4,
      "cobblemon:starly": 1,
      "cobblemon:exeggutor": 1,
      "cobblemon:rattata": 1,
      "cobblemon:zubat": 3,
      "cobblemon:ditto": 1,
      "cobblemon:wingull": 1,
      "cobblemon:joltik": 1,
      "cobblemon:diglett": 1,
      "cobblemon:corvisquire": 1,
      "cobblemon:natu": 1,
      "cobblemon:kakuna": 1,
      "cobblemon:lickitung": 1,
      "cobblemon:watchog": 1,
      "cobblemon:pidgeot": 1,
      "cobblemon:emolga": 1,
      "cobblemon:tandemaus": 1,
      "cobblemon:bouffalant": 2,
      "cobblemon:combee": 1,
      "cobblemon:stantler": 1,
      "cobblemon:stonjourner": 1,
      "cobblemon:pelipper": 1,
      "cobblemon:slowpoke": 1,
      "cobblemon:plusle": 1,
      "cobblemon:caterpie": 1
    },
    "aspectsCollected": {}
  }
}