{
  "uuid": "27a1a736-29a6-3bc2-94ad-d8e327617b32",
  "starterPrompted": true,
  "starterLocked": false,
  "starterSelected": true,
  "starterUUID": "3aa39005-d03c-470c-9c77-a166bfa8c9c3",
  "keyItems": [],
  "battleTheme": "cobblemon:battle.pvp.default",
  "extraData": {},
  "advancementData": {
    "totalCaptureCount": 3,
    "totalEggsHatched": 0,
    "totalEvolvedCount": 3,
    "totalBattleVictoryCount": 56,
    "totalPvPBattleVictoryCount": 1,
    "totalPvWBattleVictoryCount": 55,
    "totalPvNBattleVictoryCount": 0,
    "totalShinyCaptureCount": 0,
    "totalTradedCount": 2,
    "totalTypeCaptureCounts": {
      "electric": 1,
      "water": 1,
      "ghost": 1,
      "poison": 1
    },
    "totalDefeatedCounts": {
      "cobblemon:geodude": 1,
      "cobblemon:taillow": 5,
      "cobblemon:mareep": 3,
      "cobblemon:rookidee": 1,
      "cobblemon:pidgey": 6,
      "cobblemon:bunnelby": 3,
      "cobblemon:lechonk": 1,
      "cobblemon:zigzagoon": 3,
      "cobblemon:buneary": 2,
      "cobblemon:butterfree": 3,
      "cobblemon:magikarp": 3,
      "cobblemon:machop": 1,
      "cobblemon:patrat": 2,
      "cobblemon:hoothoot": 1,
      "cobblemon:deerling": 3,
      "cobblemon:tauros": 1,
      "cobblemon:gastly": 1,
      "cobblemon:fletchling": 1,
      "cobblemon:pidgeotto": 1,
      "cobblemon:vivillon": 2,
      "cobblemon:wooloo": 2,
      "cobblemon:raticate": 1,
      "cobblemon:oddish": 1,
      "cobblemon:miltank": 1,
      "cobblemon:starly": 1,
      "cobblemon:exeggutor": 1,
      "cobblemon:rattata": 1
    },
    "aspectsCollected": {}
  }
}